,Pclass,Sex,SibSp,Parch,Embarked,Title,Fare_Bin,Num_family,Age
5,2.0,1.0,0.0,0.0,1.0,2.0,0.0,0.0,31.126615524291992
17,1.0,1.0,0.0,0.0,2.0,2.0,0.0,0.0,32.5921745300293
19,2.0,0.0,0.0,0.0,0.0,3.0,0.0,0.0,29.64967918395996
26,2.0,1.0,0.0,0.0,0.0,2.0,0.0,0.0,27.431781768798828
28,2.0,0.0,0.0,0.0,1.0,4.0,0.0,0.0,23.92002296447754
29,2.0,1.0,0.0,0.0,2.0,2.0,0.0,0.0,28.326078414916992
31,0.0,0.0,1.0,0.0,0.0,3.0,2.0,2.0,38.99579620361328
32,2.0,0.0,0.0,0.0,1.0,4.0,0.0,0.0,23.92002296447754
36,2.0,1.0,0.0,0.0,0.0,2.0,0.0,0.0,27.431781768798828
42,2.0,1.0,0.0,0.0,0.0,2.0,0.0,0.0,27.431781768798828
45,2.0,1.0,0.0,0.0,2.0,2.0,0.0,0.0,28.326078414916992
46,2.0,1.0,1.0,0.0,1.0,2.0,0.0,2.0,30.817461013793945
47,2.0,0.0,0.0,0.0,1.0,4.0,0.0,0.0,23.92002296447754
48,2.0,1.0,2.0,0.0,0.0,2.0,0.0,3.0,23.842517852783203
55,0.0,1.0,0.0,0.0,2.0,2.0,1.0,0.0,41.80057144165039
64,0.0,1.0,0.0,0.0,0.0,2.0,1.0,0.0,40.925540924072266
65,2.0,1.0,1.0,1.0,0.0,5.0,0.0,3.0,5.991771697998047
76,2.0,1.0,0.0,0.0,2.0,2.0,0.0,0.0,28.326078414916992
77,2.0,1.0,0.0,0.0,2.0,2.0,0.0,0.0,28.326078414916992
82,2.0,0.0,0.0,0.0,1.0,4.0,0.0,0.0,23.92002296447754
87,2.0,1.0,0.0,0.0,2.0,2.0,0.0,0.0,28.326078414916992
95,2.0,1.0,0.0,0.0,2.0,2.0,0.0,0.0,28.326078414916992
101,2.0,1.0,0.0,0.0,2.0,2.0,0.0,0.0,28.326078414916992
107,2.0,1.0,0.0,0.0,2.0,2.0,0.0,0.0,28.326078414916992
109,2.0,0.0,1.0,0.0,1.0,4.0,0.0,2.0,22.158491134643555
121,2.0,1.0,0.0,0.0,2.0,2.0,0.0,0.0,28.326078414916992
126,2.0,1.0,0.0,0.0,1.0,2.0,0.0,0.0,31.126615524291992
128,2.0,0.0,1.0,1.0,0.0,4.0,0.0,3.0,7.654473781585693
140,2.0,0.0,0.0,2.0,0.0,3.0,0.0,3.0,28.682750701904297
154,2.0,1.0,0.0,0.0,2.0,2.0,0.0,0.0,28.326078414916992
158,2.0,1.0,0.0,0.0,2.0,2.0,0.0,0.0,28.326078414916992
159,2.0,1.0,6.0,2.0,2.0,5.0,0.0,1.0,10.839553833007812
166,0.0,0.0,0.0,1.0,2.0,3.0,1.0,2.0,43.361427307128906
168,0.0,1.0,0.0,0.0,2.0,2.0,1.0,0.0,41.80057144165039
176,2.0,1.0,3.0,1.0,2.0,5.0,0.0,5.0,6.665180683135986
180,2.0,0.0,6.0,2.0,2.0,4.0,0.0,1.0,12.633756637573242
181,1.0,1.0,0.0,0.0,0.0,2.0,0.0,0.0,30.28565788269043
185,0.0,1.0,0.0,0.0,2.0,2.0,2.0,0.0,41.87198257446289
186,2.0,0.0,1.0,0.0,1.0,3.0,0.0,2.0,31.694286346435547
196,2.0,1.0,0.0,0.0,1.0,2.0,0.0,0.0,31.126615524291992
198,2.0,0.0,0.0,0.0,1.0,4.0,0.0,0.0,23.92002296447754
201,2.0,1.0,6.0,2.0,2.0,2.0,0.0,1.0,21.802242279052734
214,2.0,1.0,1.0,0.0,1.0,2.0,0.0,2.0,30.817461013793945
223,2.0,1.0,0.0,0.0,2.0,2.0,0.0,0.0,28.326078414916992
229,2.0,0.0,3.0,1.0,2.0,4.0,0.0,5.0,8.838923454284668
235,2.0,0.0,0.0,0.0,2.0,4.0,0.0,0.0,23.656963348388672
240,2.0,0.0,1.0,0.0,0.0,4.0,0.0,2.0,17.32655143737793
241,2.0,0.0,1.0,0.0,1.0,4.0,0.0,2.0,22.158491134643555
250,2.0,1.0,0.0,0.0,2.0,2.0,0.0,0.0,28.326078414916992
256,0.0,0.0,0.0,0.0,0.0,3.0,1.0,0.0,42.54348373413086
260,2.0,1.0,0.0,0.0,1.0,2.0,0.0,0.0,31.126615524291992
264,2.0,0.0,0.0,0.0,1.0,4.0,0.0,0.0,23.92002296447754
270,0.0,1.0,0.0,0.0,2.0,2.0,0.0,0.0,40.31599044799805
274,2.0,0.0,0.0,0.0,1.0,4.0,0.0,0.0,23.92002296447754
277,1.0,1.0,0.0,0.0,2.0,2.0,0.0,0.0,32.5921745300293
284,0.0,1.0,0.0,0.0,2.0,2.0,1.0,0.0,41.80057144165039
295,0.0,1.0,0.0,0.0,0.0,2.0,1.0,0.0,40.925540924072266
298,0.0,1.0,0.0,0.0,2.0,2.0,1.0,0.0,41.80057144165039
300,2.0,0.0,0.0,0.0,1.0,4.0,0.0,0.0,23.92002296447754
301,2.0,1.0,2.0,0.0,1.0,2.0,0.0,3.0,29.512285232543945
303,1.0,0.0,0.0,0.0,1.0,4.0,0.0,0.0,29.899490356445312
304,2.0,1.0,0.0,0.0,2.0,2.0,0.0,0.0,28.326078414916992
306,0.0,0.0,0.0,0.0,0.0,4.0,1.0,0.0,31.793384552001953
324,2.0,1.0,6.0,2.0,2.0,2.0,0.0,1.0,21.802242279052734
330,2.0,0.0,2.0,0.0,1.0,4.0,0.0,3.0,20.456876754760742
334,0.0,0.0,1.0,0.0,2.0,3.0,3.0,2.0,35.75816345214844
335,2.0,1.0,0.0,0.0,2.0,2.0,0.0,0.0,28.326078414916992
347,2.0,0.0,1.0,0.0,2.0,3.0,0.0,2.0,29.386438369750977
351,0.0,1.0,0.0,0.0,2.0,2.0,1.0,0.0,41.80057144165039
354,2.0,1.0,0.0,0.0,0.0,2.0,0.0,0.0,27.431781768798828
358,2.0,0.0,0.0,0.0,1.0,4.0,0.0,0.0,23.92002296447754
359,2.0,0.0,0.0,0.0,1.0,4.0,0.0,0.0,23.92002296447754
364,2.0,1.0,1.0,0.0,1.0,2.0,0.0,2.0,30.817461013793945
367,2.0,0.0,0.0,0.0,0.0,3.0,0.0,0.0,29.64967918395996
368,2.0,0.0,0.0,0.0,1.0,4.0,0.0,0.0,23.92002296447754
375,0.0,0.0,1.0,0.0,0.0,3.0,2.0,2.0,38.99579620361328
384,2.0,1.0,0.0,0.0,2.0,2.0,0.0,0.0,28.326078414916992
388,2.0,1.0,0.0,0.0,1.0,2.0,0.0,0.0,31.126615524291992
409,2.0,0.0,3.0,1.0,2.0,4.0,0.0,5.0,8.838923454284668
410,2.0,1.0,0.0,0.0,2.0,2.0,0.0,0.0,28.326078414916992
411,2.0,1.0,0.0,0.0,1.0,2.0,0.0,0.0,31.126615524291992
413,1.0,1.0,0.0,0.0,2.0,2.0,0.0,0.0,32.5921745300293
415,2.0,0.0,0.0,0.0,2.0,3.0,0.0,0.0,31.582876205444336
420,2.0,1.0,0.0,0.0,0.0,2.0,0.0,0.0,27.431781768798828
425,2.0,1.0,0.0,0.0,2.0,2.0,0.0,0.0,28.326078414916992
428,2.0,1.0,0.0,0.0,1.0,2.0,0.0,0.0,31.126615524291992
431,2.0,0.0,1.0,0.0,2.0,3.0,0.0,2.0,29.386438369750977
444,2.0,1.0,0.0,0.0,2.0,2.0,0.0,0.0,28.326078414916992
451,2.0,1.0,1.0,0.0,2.0,2.0,0.0,2.0,28.133899688720703
454,2.0,1.0,0.0,0.0,2.0,2.0,0.0,0.0,28.326078414916992
457,0.0,0.0,1.0,0.0,2.0,3.0,1.0,2.0,39.08456039428711
459,2.0,1.0,0.0,0.0,1.0,2.0,0.0,0.0,31.126615524291992
464,2.0,1.0,0.0,0.0,2.0,2.0,0.0,0.0,28.326078414916992
466,1.0,1.0,0.0,0.0,2.0,2.0,0.0,0.0,32.5921745300293
468,2.0,1.0,0.0,0.0,1.0,2.0,0.0,0.0,31.126615524291992
470,2.0,1.0,0.0,0.0,2.0,2.0,0.0,0.0,28.326078414916992
475,0.0,1.0,0.0,0.0,2.0,2.0,1.0,0.0,41.80057144165039
481,1.0,1.0,0.0,0.0,2.0,2.0,0.0,0.0,32.5921745300293
485,2.0,0.0,3.0,1.0,2.0,4.0,0.0,5.0,8.838923454284668
490,2.0,1.0,1.0,0.0,2.0,2.0,0.0,2.0,28.133899688720703
495,2.0,1.0,0.0,0.0,0.0,2.0,0.0,0.0,27.431781768798828
497,2.0,1.0,0.0,0.0,2.0,2.0,0.0,0.0,28.326078414916992
502,2.0,0.0,0.0,0.0,1.0,4.0,0.0,0.0,23.92002296447754
507,0.0,1.0,0.0,0.0,2.0,2.0,1.0,0.0,41.80057144165039
511,2.0,1.0,0.0,0.0,2.0,2.0,0.0,0.0,28.326078414916992
517,2.0,1.0,0.0,0.0,1.0,2.0,0.0,0.0,31.126615524291992
522,2.0,1.0,0.0,0.0,0.0,2.0,0.0,0.0,27.431781768798828
524,2.0,1.0,0.0,0.0,0.0,2.0,0.0,0.0,27.431781768798828
527,0.0,1.0,0.0,0.0,2.0,2.0,2.0,0.0,41.87198257446289
531,2.0,1.0,0.0,0.0,0.0,2.0,0.0,0.0,27.431781768798828
533,2.0,0.0,0.0,2.0,0.0,3.0,0.0,3.0,28.682750701904297
538,2.0,1.0,0.0,0.0,2.0,2.0,0.0,0.0,28.326078414916992
547,1.0,1.0,0.0,0.0,0.0,2.0,0.0,0.0,30.28565788269043
552,2.0,1.0,0.0,0.0,1.0,2.0,0.0,0.0,31.126615524291992
557,0.0,1.0,0.0,0.0,0.0,2.0,2.0,0.0,40.996952056884766
560,2.0,1.0,0.0,0.0,1.0,2.0,0.0,0.0,31.126615524291992
563,2.0,1.0,0.0,0.0,2.0,2.0,0.0,0.0,28.326078414916992
564,2.0,0.0,0.0,0.0,2.0,4.0,0.0,0.0,23.656963348388672
568,2.0,1.0,0.0,0.0,0.0,2.0,0.0,0.0,27.431781768798828
573,2.0,0.0,0.0,0.0,1.0,4.0,0.0,0.0,23.92002296447754
578,2.0,0.0,1.0,0.0,0.0,3.0,0.0,2.0,25.20926284790039
584,2.0,1.0,0.0,0.0,0.0,2.0,0.0,0.0,27.431781768798828
589,2.0,1.0,0.0,0.0,2.0,2.0,0.0,0.0,28.326078414916992
593,2.0,0.0,0.0,2.0,1.0,4.0,0.0,3.0,9.788454055786133
596,1.0,0.0,0.0,0.0,2.0,4.0,0.0,0.0,28.13790512084961
598,2.0,1.0,0.0,0.0,0.0,2.0,0.0,0.0,27.431781768798828
601,2.0,1.0,0.0,0.0,2.0,2.0,0.0,0.0,28.326078414916992
602,0.0,1.0,0.0,0.0,2.0,2.0,1.0,0.0,41.80057144165039
611,2.0,1.0,0.0,0.0,2.0,2.0,0.0,0.0,28.326078414916992
612,2.0,0.0,1.0,0.0,1.0,4.0,0.0,2.0,22.158491134643555
613,2.0,1.0,0.0,0.0,1.0,2.0,0.0,0.0,31.126615524291992
629,2.0,1.0,0.0,0.0,1.0,2.0,0.0,0.0,31.126615524291992
633,0.0,1.0,0.0,0.0,2.0,2.0,0.0,0.0,40.31599044799805
639,2.0,1.0,1.0,0.0,2.0,2.0,0.0,2.0,28.133899688720703
643,2.0,1.0,0.0,0.0,2.0,2.0,0.0,0.0,28.326078414916992
648,2.0,1.0,0.0,0.0,2.0,2.0,0.0,0.0,28.326078414916992
650,2.0,1.0,0.0,0.0,2.0,2.0,0.0,0.0,28.326078414916992
653,2.0,0.0,0.0,0.0,1.0,4.0,0.0,0.0,23.92002296447754
656,2.0,1.0,0.0,0.0,2.0,2.0,0.0,0.0,28.326078414916992
667,2.0,1.0,0.0,0.0,2.0,2.0,0.0,0.0,28.326078414916992
669,0.0,0.0,1.0,0.0,2.0,3.0,1.0,2.0,39.08456039428711
674,1.0,1.0,0.0,0.0,2.0,2.0,0.0,0.0,32.5921745300293
680,2.0,0.0,0.0,0.0,1.0,4.0,0.0,0.0,23.92002296447754
692,2.0,1.0,0.0,0.0,2.0,2.0,0.0,0.0,28.326078414916992
697,2.0,0.0,0.0,0.0,1.0,4.0,0.0,0.0,23.92002296447754
709,2.0,1.0,1.0,1.0,0.0,5.0,0.0,3.0,5.991771697998047
711,0.0,1.0,0.0,0.0,2.0,2.0,1.0,0.0,41.80057144165039
718,2.0,1.0,0.0,0.0,1.0,2.0,0.0,0.0,31.126615524291992
727,2.0,0.0,0.0,0.0,1.0,4.0,0.0,0.0,23.92002296447754
732,1.0,1.0,0.0,0.0,2.0,2.0,0.0,0.0,32.5921745300293
738,2.0,1.0,0.0,0.0,2.0,2.0,0.0,0.0,28.326078414916992
739,2.0,1.0,0.0,0.0,2.0,2.0,0.0,0.0,28.326078414916992
740,0.0,1.0,0.0,0.0,2.0,2.0,1.0,0.0,41.80057144165039
760,2.0,1.0,0.0,0.0,2.0,2.0,0.0,0.0,28.326078414916992
766,0.0,1.0,0.0,0.0,0.0,0.0,1.0,0.0,42.03925323486328
768,2.0,1.0,1.0,0.0,1.0,2.0,0.0,2.0,30.817461013793945
773,2.0,1.0,0.0,0.0,0.0,2.0,0.0,0.0,27.431781768798828
776,2.0,1.0,0.0,0.0,1.0,2.0,0.0,0.0,31.126615524291992
778,2.0,1.0,0.0,0.0,1.0,2.0,0.0,0.0,31.126615524291992
783,2.0,1.0,1.0,2.0,2.0,2.0,0.0,4.0,29.933218002319336
790,2.0,1.0,0.0,0.0,1.0,2.0,0.0,0.0,31.126615524291992
792,2.0,0.0,6.0,2.0,2.0,4.0,0.0,1.0,12.633756637573242
793,0.0,1.0,0.0,0.0,0.0,2.0,1.0,0.0,40.925540924072266
815,0.0,1.0,0.0,0.0,2.0,2.0,0.0,0.0,40.31599044799805
825,2.0,1.0,0.0,0.0,1.0,2.0,0.0,0.0,31.126615524291992
826,2.0,1.0,0.0,0.0,2.0,2.0,0.0,0.0,28.326078414916992
828,2.0,1.0,0.0,0.0,1.0,2.0,0.0,0.0,31.126615524291992
832,2.0,1.0,0.0,0.0,0.0,2.0,0.0,0.0,27.431781768798828
837,2.0,1.0,0.0,0.0,2.0,2.0,0.0,0.0,28.326078414916992
839,0.0,1.0,0.0,0.0,0.0,2.0,1.0,0.0,40.925540924072266
846,2.0,1.0,6.0,2.0,2.0,2.0,0.0,1.0,21.802242279052734
849,0.0,0.0,1.0,0.0,0.0,3.0,2.0,2.0,38.99579620361328
859,2.0,1.0,0.0,0.0,0.0,2.0,0.0,0.0,27.431781768798828
863,2.0,0.0,6.0,2.0,2.0,4.0,0.0,1.0,12.633756637573242
868,2.0,1.0,0.0,0.0,2.0,2.0,0.0,0.0,28.326078414916992
878,2.0,1.0,0.0,0.0,2.0,2.0,0.0,0.0,28.326078414916992
888,2.0,0.0,1.0,2.0,2.0,4.0,0.0,4.0,9.155699729919434
901,2.0,1.0,0.0,0.0,2.0,2.0,0.0,0.0,28.326078414916992
913,0.0,0.0,0.0,0.0,2.0,3.0,1.0,0.0,42.73905563354492
920,2.0,1.0,2.0,0.0,0.0,2.0,0.0,3.0,23.842517852783203
924,2.0,0.0,1.0,2.0,2.0,3.0,0.0,4.0,31.129714965820312
927,2.0,0.0,0.0,0.0,2.0,4.0,0.0,0.0,23.656963348388672
930,2.0,1.0,0.0,0.0,2.0,2.0,0.0,0.0,28.326078414916992
932,0.0,1.0,0.0,0.0,2.0,2.0,1.0,0.0,41.80057144165039
938,2.0,1.0,0.0,0.0,1.0,2.0,0.0,0.0,31.126615524291992
945,1.0,1.0,0.0,0.0,0.0,2.0,0.0,0.0,30.28565788269043
949,2.0,1.0,1.0,0.0,2.0,2.0,0.0,2.0,28.133899688720703
956,1.0,0.0,0.0,0.0,2.0,3.0,0.0,0.0,33.26667404174805
967,2.0,1.0,0.0,0.0,2.0,2.0,0.0,0.0,28.326078414916992
974,2.0,1.0,0.0,0.0,2.0,2.0,0.0,0.0,28.326078414916992
975,1.0,1.0,0.0,0.0,1.0,2.0,0.0,0.0,36.317935943603516
976,2.0,1.0,1.0,0.0,0.0,2.0,0.0,2.0,25.156686782836914
979,2.0,0.0,0.0,0.0,1.0,4.0,0.0,0.0,23.92002296447754
982,2.0,1.0,0.0,0.0,2.0,2.0,0.0,0.0,28.326078414916992
984,2.0,1.0,0.0,0.0,2.0,2.0,0.0,0.0,28.326078414916992
993,2.0,1.0,0.0,0.0,1.0,2.0,0.0,0.0,31.126615524291992
998,2.0,1.0,0.0,0.0,1.0,2.0,0.0,0.0,31.126615524291992
999,2.0,1.0,0.0,0.0,2.0,2.0,0.0,0.0,28.326078414916992
1002,2.0,0.0,0.0,0.0,1.0,4.0,0.0,0.0,23.92002296447754
1007,2.0,1.0,0.0,0.0,0.0,2.0,0.0,0.0,27.431781768798828
1012,2.0,1.0,1.0,0.0,1.0,2.0,0.0,2.0,30.817461013793945
1015,2.0,1.0,0.0,0.0,1.0,2.0,0.0,0.0,31.126615524291992
1018,2.0,0.0,2.0,0.0,1.0,4.0,0.0,3.0,20.456876754760742
1023,2.0,0.0,0.0,4.0,2.0,3.0,0.0,5.0,36.82426834106445
1024,2.0,1.0,1.0,0.0,0.0,2.0,0.0,2.0,25.156686782836914
1037,0.0,1.0,0.0,0.0,2.0,2.0,1.0,0.0,41.80057144165039
1039,0.0,1.0,0.0,0.0,2.0,2.0,1.0,0.0,41.80057144165039
1042,2.0,1.0,0.0,0.0,0.0,2.0,0.0,0.0,27.431781768798828
1051,2.0,0.0,0.0,0.0,1.0,4.0,0.0,0.0,23.92002296447754
1054,2.0,1.0,0.0,0.0,2.0,2.0,0.0,0.0,28.326078414916992
1059,0.0,0.0,0.0,0.0,0.0,3.0,1.0,0.0,42.54348373413086
1061,2.0,1.0,0.0,0.0,2.0,2.0,0.0,0.0,28.326078414916992
1064,2.0,1.0,0.0,0.0,0.0,2.0,0.0,0.0,27.431781768798828
1074,2.0,1.0,0.0,0.0,1.0,2.0,0.0,0.0,31.126615524291992
1079,2.0,0.0,6.0,2.0,2.0,4.0,0.0,1.0,12.633756637573242
1082,0.0,1.0,0.0,0.0,2.0,2.0,1.0,0.0,41.80057144165039
1090,2.0,0.0,0.0,0.0,2.0,3.0,0.0,0.0,31.582876205444336
1091,2.0,0.0,0.0,0.0,1.0,4.0,0.0,0.0,23.92002296447754
1096,0.0,1.0,0.0,0.0,0.0,2.0,1.0,0.0,40.925540924072266
1102,2.0,1.0,0.0,0.0,2.0,2.0,0.0,0.0,28.326078414916992
1107,2.0,0.0,0.0,0.0,1.0,4.0,0.0,0.0,23.92002296447754
1110,2.0,1.0,0.0,0.0,2.0,2.0,0.0,0.0,28.326078414916992
1116,2.0,0.0,0.0,2.0,0.0,3.0,0.0,3.0,28.682750701904297
1118,2.0,0.0,0.0,0.0,1.0,4.0,0.0,0.0,23.92002296447754
1124,2.0,1.0,0.0,0.0,1.0,2.0,0.0,0.0,31.126615524291992
1134,2.0,1.0,0.0,0.0,2.0,2.0,0.0,0.0,28.326078414916992
1135,2.0,1.0,1.0,2.0,2.0,5.0,0.0,4.0,7.08769416809082
1140,2.0,0.0,1.0,0.0,0.0,3.0,0.0,2.0,25.20926284790039
1146,2.0,1.0,0.0,0.0,2.0,2.0,0.0,0.0,28.326078414916992
1147,2.0,1.0,0.0,0.0,1.0,2.0,0.0,0.0,31.126615524291992
1156,2.0,1.0,0.0,0.0,2.0,2.0,0.0,0.0,28.326078414916992
1157,0.0,1.0,0.0,0.0,2.0,2.0,0.0,0.0,40.31599044799805
1158,2.0,1.0,0.0,0.0,2.0,2.0,0.0,0.0,28.326078414916992
1159,2.0,0.0,0.0,0.0,2.0,4.0,0.0,0.0,23.656963348388672
1162,2.0,1.0,0.0,0.0,1.0,2.0,0.0,0.0,31.126615524291992
1164,2.0,0.0,1.0,0.0,1.0,4.0,0.0,2.0,22.158491134643555
1165,2.0,1.0,0.0,0.0,0.0,2.0,0.0,0.0,27.431781768798828
1173,2.0,0.0,0.0,0.0,1.0,4.0,0.0,0.0,23.92002296447754
1177,2.0,1.0,0.0,0.0,2.0,2.0,0.0,0.0,28.326078414916992
1179,2.0,1.0,0.0,0.0,0.0,2.0,0.0,0.0,27.431781768798828
1180,2.0,1.0,0.0,0.0,2.0,2.0,0.0,0.0,28.326078414916992
1181,0.0,1.0,0.0,0.0,2.0,2.0,1.0,0.0,41.80057144165039
1183,2.0,1.0,0.0,0.0,0.0,2.0,0.0,0.0,27.431781768798828
1188,2.0,1.0,2.0,0.0,0.0,2.0,0.0,3.0,23.842517852783203
1192,1.0,1.0,0.0,0.0,0.0,2.0,0.0,0.0,30.28565788269043
1195,2.0,0.0,0.0,0.0,1.0,4.0,0.0,0.0,23.92002296447754
1203,2.0,1.0,0.0,0.0,2.0,2.0,0.0,0.0,28.326078414916992
1223,2.0,1.0,0.0,0.0,0.0,2.0,0.0,0.0,27.431781768798828
1230,2.0,1.0,0.0,0.0,0.0,5.0,0.0,0.0,20.65233612060547
1233,2.0,1.0,1.0,7.0,2.0,2.0,0.0,1.0,35.428409576416016
1235,2.0,1.0,1.0,1.0,2.0,5.0,0.0,3.0,7.053420066833496
1248,2.0,1.0,0.0,0.0,2.0,2.0,0.0,0.0,28.326078414916992
1249,2.0,1.0,0.0,0.0,1.0,2.0,0.0,0.0,31.126615524291992
1256,2.0,0.0,1.0,7.0,2.0,3.0,0.0,1.0,36.592308044433594
1257,2.0,1.0,1.0,0.0,0.0,2.0,0.0,2.0,25.156686782836914
1271,2.0,1.0,0.0,0.0,1.0,2.0,0.0,0.0,31.126615524291992
1273,2.0,0.0,0.0,0.0,2.0,3.0,0.0,0.0,31.582876205444336
1275,1.0,1.0,0.0,0.0,2.0,2.0,0.0,0.0,32.5921745300293
1299,2.0,0.0,0.0,0.0,1.0,4.0,0.0,0.0,23.92002296447754
1301,2.0,0.0,0.0,0.0,1.0,4.0,0.0,0.0,23.92002296447754
1304,2.0,1.0,0.0,0.0,2.0,2.0,0.0,0.0,28.326078414916992
1307,2.0,1.0,0.0,0.0,2.0,2.0,0.0,0.0,28.326078414916992
1308,2.0,1.0,1.0,1.0,0.0,5.0,0.0,3.0,5.991771697998047
0,2.0,1.0,1.0,0.0,2.0,2.0,0.0,2.0,22.0
1,0.0,0.0,1.0,0.0,0.0,3.0,1.0,2.0,38.0
2,2.0,0.0,0.0,0.0,2.0,4.0,0.0,0.0,26.0
3,0.0,0.0,1.0,0.0,2.0,3.0,1.0,2.0,35.0
4,2.0,1.0,0.0,0.0,2.0,2.0,0.0,0.0,35.0
6,0.0,1.0,0.0,0.0,2.0,2.0,1.0,0.0,54.0
7,2.0,1.0,3.0,1.0,2.0,5.0,0.0,5.0,2.0
8,2.0,0.0,0.0,2.0,2.0,3.0,0.0,3.0,27.0
9,1.0,0.0,1.0,0.0,0.0,3.0,0.0,2.0,14.0
10,2.0,0.0,1.0,1.0,2.0,4.0,0.0,3.0,4.0
11,0.0,0.0,0.0,0.0,2.0,4.0,1.0,0.0,58.0
12,2.0,1.0,0.0,0.0,2.0,2.0,0.0,0.0,20.0
13,2.0,1.0,1.0,5.0,2.0,2.0,0.0,7.0,39.0
14,2.0,0.0,0.0,0.0,2.0,4.0,0.0,0.0,14.0
15,1.0,0.0,0.0,0.0,2.0,3.0,0.0,0.0,55.0
16,2.0,1.0,4.0,1.0,1.0,5.0,0.0,6.0,2.0
18,2.0,0.0,1.0,0.0,2.0,3.0,0.0,2.0,31.0
20,1.0,1.0,0.0,0.0,2.0,2.0,0.0,0.0,35.0
21,1.0,1.0,0.0,0.0,2.0,2.0,0.0,0.0,34.0
22,2.0,0.0,0.0,0.0,1.0,4.0,0.0,0.0,15.0
23,0.0,1.0,0.0,0.0,2.0,2.0,1.0,0.0,28.0
24,2.0,0.0,3.0,1.0,2.0,4.0,0.0,5.0,8.0
25,2.0,0.0,1.0,5.0,2.0,3.0,0.0,7.0,38.0
27,0.0,1.0,3.0,2.0,2.0,2.0,2.0,6.0,19.0
30,0.0,1.0,0.0,0.0,0.0,5.0,1.0,0.0,40.0
33,1.0,1.0,0.0,0.0,2.0,2.0,0.0,0.0,66.0
34,0.0,1.0,1.0,0.0,0.0,2.0,2.0,2.0,28.0
35,0.0,1.0,1.0,0.0,2.0,2.0,1.0,2.0,42.0
37,2.0,1.0,0.0,0.0,2.0,2.0,0.0,0.0,21.0
38,2.0,0.0,2.0,0.0,2.0,4.0,0.0,3.0,18.0
39,2.0,0.0,1.0,0.0,0.0,4.0,0.0,2.0,14.0
40,2.0,0.0,1.0,0.0,2.0,3.0,0.0,2.0,40.0
41,1.0,0.0,1.0,0.0,2.0,3.0,0.0,2.0,27.0
43,1.0,0.0,1.0,2.0,0.0,4.0,0.0,4.0,3.0
44,2.0,0.0,0.0,0.0,1.0,4.0,0.0,0.0,19.0
49,2.0,0.0,1.0,0.0,2.0,3.0,0.0,2.0,18.0
50,2.0,1.0,4.0,1.0,2.0,5.0,0.0,6.0,7.0
51,2.0,1.0,0.0,0.0,2.0,2.0,0.0,0.0,21.0
52,0.0,0.0,1.0,0.0,0.0,3.0,1.0,2.0,49.0
53,1.0,0.0,1.0,0.0,2.0,3.0,0.0,2.0,29.0
54,0.0,1.0,0.0,1.0,0.0,2.0,1.0,2.0,65.0
56,1.0,0.0,0.0,0.0,2.0,4.0,0.0,0.0,21.0
57,2.0,1.0,0.0,0.0,0.0,2.0,0.0,0.0,28.5
58,1.0,0.0,1.0,2.0,2.0,4.0,0.0,4.0,5.0
59,2.0,1.0,5.0,2.0,2.0,5.0,0.0,8.0,11.0
60,2.0,1.0,0.0,0.0,0.0,2.0,0.0,0.0,22.0
62,0.0,1.0,1.0,0.0,2.0,2.0,2.0,2.0,45.0
63,2.0,1.0,3.0,2.0,2.0,5.0,0.0,6.0,4.0
66,1.0,0.0,0.0,0.0,2.0,3.0,0.0,0.0,29.0
67,2.0,1.0,0.0,0.0,2.0,2.0,0.0,0.0,19.0
68,2.0,0.0,4.0,2.0,2.0,4.0,0.0,7.0,17.0
69,2.0,1.0,2.0,0.0,2.0,2.0,0.0,3.0,26.0
70,1.0,1.0,0.0,0.0,2.0,2.0,0.0,0.0,32.0
71,2.0,0.0,5.0,2.0,2.0,4.0,0.0,8.0,16.0
72,1.0,1.0,0.0,0.0,2.0,2.0,0.0,0.0,21.0
73,2.0,1.0,1.0,0.0,0.0,2.0,0.0,2.0,26.0
74,2.0,1.0,0.0,0.0,2.0,2.0,0.0,0.0,32.0
75,2.0,1.0,0.0,0.0,2.0,2.0,0.0,0.0,25.0
78,1.0,1.0,0.0,2.0,2.0,5.0,0.0,3.0,0.83
79,2.0,0.0,0.0,0.0,2.0,4.0,0.0,0.0,30.0
80,2.0,1.0,0.0,0.0,2.0,2.0,0.0,0.0,22.0
81,2.0,1.0,0.0,0.0,2.0,2.0,0.0,0.0,29.0
83,0.0,1.0,0.0,0.0,2.0,2.0,1.0,0.0,28.0
84,1.0,0.0,0.0,0.0,2.0,4.0,0.0,0.0,17.0
85,2.0,0.0,3.0,0.0,2.0,3.0,0.0,4.0,33.0
86,2.0,1.0,1.0,3.0,2.0,2.0,0.0,5.0,16.0
88,0.0,0.0,3.0,2.0,2.0,4.0,2.0,6.0,23.0
89,2.0,1.0,0.0,0.0,2.0,2.0,0.0,0.0,24.0
90,2.0,1.0,0.0,0.0,2.0,2.0,0.0,0.0,29.0
91,2.0,1.0,0.0,0.0,2.0,2.0,0.0,0.0,20.0
92,0.0,1.0,1.0,0.0,2.0,2.0,1.0,2.0,46.0
93,2.0,1.0,1.0,2.0,2.0,2.0,0.0,4.0,26.0
94,2.0,1.0,0.0,0.0,2.0,2.0,0.0,0.0,59.0
96,0.0,1.0,0.0,0.0,0.0,2.0,1.0,0.0,71.0
97,0.0,1.0,0.0,1.0,0.0,2.0,1.0,2.0,23.0
98,1.0,0.0,0.0,1.0,2.0,3.0,0.0,2.0,34.0
99,1.0,1.0,1.0,0.0,2.0,2.0,0.0,2.0,34.0
100,2.0,0.0,0.0,0.0,2.0,4.0,0.0,0.0,28.0
102,0.0,1.0,0.0,1.0,2.0,2.0,1.0,2.0,21.0
103,2.0,1.0,0.0,0.0,2.0,2.0,0.0,0.0,33.0
104,2.0,1.0,2.0,0.0,2.0,2.0,0.0,3.0,37.0
105,2.0,1.0,0.0,0.0,2.0,2.0,0.0,0.0,28.0
106,2.0,0.0,0.0,0.0,2.0,4.0,0.0,0.0,21.0
108,2.0,1.0,0.0,0.0,2.0,2.0,0.0,0.0,38.0
110,0.0,1.0,0.0,0.0,2.0,2.0,1.0,0.0,47.0
111,2.0,0.0,1.0,0.0,0.0,4.0,0.0,2.0,14.5
112,2.0,1.0,0.0,0.0,2.0,2.0,0.0,0.0,22.0
113,2.0,0.0,1.0,0.0,2.0,4.0,0.0,2.0,20.0
114,2.0,0.0,0.0,0.0,0.0,4.0,0.0,0.0,17.0
115,2.0,1.0,0.0,0.0,2.0,2.0,0.0,0.0,21.0
116,2.0,1.0,0.0,0.0,1.0,2.0,0.0,0.0,70.5
117,1.0,1.0,1.0,0.0,2.0,2.0,0.0,2.0,29.0
118,0.0,1.0,0.0,1.0,0.0,2.0,4.0,2.0,24.0
119,2.0,0.0,4.0,2.0,2.0,4.0,0.0,7.0,2.0
120,1.0,1.0,2.0,0.0,2.0,2.0,0.0,3.0,21.0
122,1.0,1.0,1.0,0.0,0.0,2.0,0.0,2.0,32.5
123,1.0,0.0,0.0,0.0,2.0,4.0,0.0,0.0,32.5
124,0.0,1.0,0.0,1.0,2.0,2.0,1.0,2.0,54.0
125,2.0,1.0,1.0,0.0,0.0,5.0,0.0,2.0,12.0
127,2.0,1.0,0.0,0.0,2.0,2.0,0.0,0.0,24.0
129,2.0,1.0,0.0,0.0,2.0,2.0,0.0,0.0,45.0
130,2.0,1.0,0.0,0.0,0.0,2.0,0.0,0.0,33.0
131,2.0,1.0,0.0,0.0,2.0,2.0,0.0,0.0,20.0
132,2.0,0.0,1.0,0.0,2.0,3.0,0.0,2.0,47.0
133,1.0,0.0,1.0,0.0,2.0,3.0,0.0,2.0,29.0
134,1.0,1.0,0.0,0.0,2.0,2.0,0.0,0.0,25.0
135,1.0,1.0,0.0,0.0,0.0,2.0,0.0,0.0,23.0
136,0.0,0.0,0.0,2.0,2.0,4.0,1.0,3.0,19.0
137,0.0,1.0,1.0,0.0,2.0,2.0,1.0,2.0,37.0
138,2.0,1.0,0.0,0.0,2.0,2.0,0.0,0.0,16.0
139,0.0,1.0,0.0,0.0,0.0,2.0,1.0,0.0,24.0
141,2.0,0.0,0.0,0.0,2.0,4.0,0.0,0.0,22.0
142,2.0,0.0,1.0,0.0,2.0,3.0,0.0,2.0,24.0
143,2.0,1.0,0.0,0.0,1.0,2.0,0.0,0.0,19.0
144,1.0,1.0,0.0,0.0,2.0,2.0,0.0,0.0,18.0
145,1.0,1.0,1.0,1.0,2.0,2.0,0.0,3.0,19.0
146,2.0,1.0,0.0,0.0,2.0,2.0,0.0,0.0,27.0
147,2.0,0.0,2.0,2.0,2.0,4.0,0.0,5.0,9.0
148,1.0,1.0,0.0,2.0,2.0,2.0,0.0,3.0,36.5
149,1.0,1.0,0.0,0.0,2.0,6.0,0.0,0.0,42.0
150,1.0,1.0,0.0,0.0,2.0,6.0,0.0,0.0,51.0
151,0.0,0.0,1.0,0.0,2.0,3.0,1.0,2.0,22.0
152,2.0,1.0,0.0,0.0,2.0,2.0,0.0,0.0,55.5
153,2.0,1.0,0.0,2.0,2.0,2.0,0.0,3.0,40.5
155,0.0,1.0,0.0,1.0,0.0,2.0,1.0,2.0,51.0
156,2.0,0.0,0.0,0.0,1.0,4.0,0.0,0.0,16.0
157,2.0,1.0,0.0,0.0,2.0,2.0,0.0,0.0,30.0
160,2.0,1.0,0.0,1.0,2.0,2.0,0.0,2.0,44.0
161,1.0,0.0,0.0,0.0,2.0,3.0,0.0,0.0,40.0
162,2.0,1.0,0.0,0.0,2.0,2.0,0.0,0.0,26.0
163,2.0,1.0,0.0,0.0,2.0,2.0,0.0,0.0,17.0
164,2.0,1.0,4.0,1.0,2.0,5.0,0.0,6.0,1.0
165,2.0,1.0,0.0,2.0,2.0,5.0,0.0,3.0,9.0
167,2.0,0.0,1.0,4.0,2.0,3.0,0.0,6.0,45.0
169,2.0,1.0,0.0,0.0,2.0,2.0,0.0,0.0,28.0
170,0.0,1.0,0.0,0.0,2.0,2.0,1.0,0.0,61.0
171,2.0,1.0,4.0,1.0,1.0,5.0,0.0,6.0,4.0
172,2.0,0.0,1.0,1.0,2.0,4.0,0.0,3.0,1.0
173,2.0,1.0,0.0,0.0,2.0,2.0,0.0,0.0,21.0
174,0.0,1.0,0.0,0.0,0.0,2.0,1.0,0.0,56.0
175,2.0,1.0,1.0,1.0,2.0,2.0,0.0,3.0,18.0
177,0.0,0.0,0.0,0.0,0.0,4.0,1.0,0.0,50.0
178,1.0,1.0,0.0,0.0,2.0,2.0,0.0,0.0,30.0
179,2.0,1.0,0.0,0.0,2.0,2.0,0.0,0.0,36.0
182,2.0,1.0,4.0,2.0,2.0,5.0,0.0,7.0,9.0
183,1.0,1.0,2.0,1.0,2.0,5.0,0.0,4.0,1.0
184,2.0,0.0,0.0,2.0,2.0,4.0,0.0,3.0,4.0
187,0.0,1.0,0.0,0.0,2.0,2.0,1.0,0.0,45.0
188,2.0,1.0,1.0,1.0,1.0,2.0,0.0,3.0,40.0
189,2.0,1.0,0.0,0.0,2.0,2.0,0.0,0.0,36.0
190,1.0,0.0,0.0,0.0,2.0,3.0,0.0,0.0,32.0
191,1.0,1.0,0.0,0.0,2.0,2.0,0.0,0.0,19.0
192,2.0,0.0,1.0,0.0,2.0,4.0,0.0,2.0,19.0
193,1.0,1.0,1.0,1.0,2.0,5.0,0.0,3.0,3.0
194,0.0,0.0,0.0,0.0,0.0,3.0,1.0,0.0,44.0
195,0.0,0.0,0.0,0.0,0.0,4.0,2.0,0.0,58.0
197,2.0,1.0,0.0,1.0,2.0,2.0,0.0,2.0,42.0
199,1.0,0.0,0.0,0.0,2.0,4.0,0.0,0.0,24.0
200,2.0,1.0,0.0,0.0,2.0,2.0,0.0,0.0,28.0
202,2.0,1.0,0.0,0.0,2.0,2.0,0.0,0.0,34.0
203,2.0,1.0,0.0,0.0,0.0,2.0,0.0,0.0,45.5
204,2.0,1.0,0.0,0.0,2.0,2.0,0.0,0.0,18.0
205,2.0,0.0,0.0,1.0,2.0,4.0,0.0,2.0,2.0
206,2.0,1.0,1.0,0.0,2.0,2.0,0.0,2.0,32.0
207,2.0,1.0,0.0,0.0,0.0,2.0,0.0,0.0,26.0
208,2.0,0.0,0.0,0.0,1.0,4.0,0.0,0.0,16.0
209,0.0,1.0,0.0,0.0,0.0,2.0,1.0,0.0,40.0
210,2.0,1.0,0.0,0.0,2.0,2.0,0.0,0.0,24.0
211,1.0,0.0,0.0,0.0,2.0,4.0,0.0,0.0,35.0
212,2.0,1.0,0.0,0.0,2.0,2.0,0.0,0.0,22.0
213,1.0,1.0,0.0,0.0,2.0,2.0,0.0,0.0,30.0
215,0.0,0.0,1.0,0.0,0.0,4.0,1.0,2.0,31.0
216,2.0,0.0,0.0,0.0,2.0,4.0,0.0,0.0,27.0
217,1.0,1.0,1.0,0.0,2.0,2.0,0.0,2.0,42.0
218,0.0,0.0,0.0,0.0,0.0,4.0,1.0,0.0,32.0
219,1.0,1.0,0.0,0.0,2.0,2.0,0.0,0.0,30.0
220,2.0,1.0,0.0,0.0,2.0,2.0,0.0,0.0,16.0
221,1.0,1.0,0.0,0.0,2.0,2.0,0.0,0.0,27.0
222,2.0,1.0,0.0,0.0,2.0,2.0,0.0,0.0,51.0
224,0.0,1.0,1.0,0.0,2.0,2.0,2.0,2.0,38.0
225,2.0,1.0,0.0,0.0,2.0,2.0,0.0,0.0,22.0
226,1.0,1.0,0.0,0.0,2.0,2.0,0.0,0.0,19.0
227,2.0,1.0,0.0,0.0,2.0,2.0,0.0,0.0,20.5
228,1.0,1.0,0.0,0.0,2.0,2.0,0.0,0.0,18.0
230,0.0,0.0,1.0,0.0,2.0,3.0,2.0,2.0,35.0
231,2.0,1.0,0.0,0.0,2.0,2.0,0.0,0.0,29.0
232,1.0,1.0,0.0,0.0,2.0,2.0,0.0,0.0,59.0
233,2.0,0.0,4.0,2.0,2.0,4.0,0.0,7.0,5.0
234,1.0,1.0,0.0,0.0,2.0,2.0,0.0,0.0,24.0
236,1.0,1.0,1.0,0.0,2.0,2.0,0.0,2.0,44.0
237,1.0,0.0,0.0,2.0,2.0,4.0,0.0,3.0,8.0
238,1.0,1.0,0.0,0.0,2.0,2.0,0.0,0.0,19.0
239,1.0,1.0,0.0,0.0,2.0,2.0,0.0,0.0,33.0
242,1.0,1.0,0.0,0.0,2.0,2.0,0.0,0.0,29.0
243,2.0,1.0,0.0,0.0,2.0,2.0,0.0,0.0,22.0
244,2.0,1.0,0.0,0.0,0.0,2.0,0.0,0.0,30.0
245,0.0,1.0,2.0,0.0,1.0,0.0,1.0,3.0,44.0
246,2.0,0.0,0.0,0.0,2.0,4.0,0.0,0.0,25.0
247,1.0,0.0,0.0,2.0,2.0,3.0,0.0,3.0,24.0
248,0.0,1.0,1.0,1.0,2.0,2.0,1.0,3.0,37.0
249,1.0,1.0,1.0,0.0,2.0,6.0,0.0,2.0,54.0
251,2.0,0.0,1.0,1.0,2.0,3.0,0.0,3.0,29.0
252,0.0,1.0,0.0,0.0,2.0,2.0,1.0,0.0,62.0
253,2.0,1.0,1.0,0.0,2.0,2.0,0.0,2.0,30.0
254,2.0,0.0,0.0,2.0,2.0,3.0,0.0,3.0,41.0
255,2.0,0.0,0.0,2.0,0.0,3.0,0.0,3.0,29.0
257,0.0,0.0,0.0,0.0,2.0,4.0,1.0,0.0,30.0
258,0.0,0.0,0.0,0.0,0.0,4.0,4.0,0.0,35.0
259,1.0,0.0,0.0,1.0,2.0,3.0,0.0,2.0,50.0
261,2.0,1.0,4.0,2.0,2.0,5.0,0.0,7.0,3.0
262,0.0,1.0,1.0,1.0,2.0,2.0,1.0,3.0,52.0
263,0.0,1.0,0.0,0.0,2.0,2.0,0.0,0.0,40.0
265,1.0,1.0,0.0,0.0,2.0,2.0,0.0,0.0,36.0
266,2.0,1.0,4.0,1.0,2.0,2.0,0.0,6.0,16.0
267,2.0,1.0,1.0,0.0,2.0,2.0,0.0,2.0,25.0
268,0.0,0.0,0.0,1.0,2.0,3.0,2.0,2.0,58.0
269,0.0,0.0,0.0,0.0,2.0,4.0,1.0,0.0,35.0
271,2.0,1.0,0.0,0.0,2.0,2.0,0.0,0.0,25.0
272,1.0,0.0,0.0,1.0,2.0,3.0,0.0,2.0,41.0
273,0.0,1.0,0.0,1.0,0.0,2.0,1.0,2.0,37.0
275,0.0,0.0,1.0,0.0,2.0,4.0,1.0,2.0,63.0
276,2.0,0.0,0.0,0.0,2.0,4.0,0.0,0.0,45.0
278,2.0,1.0,4.0,1.0,1.0,5.0,0.0,6.0,7.0
279,2.0,0.0,1.0,1.0,2.0,3.0,0.0,3.0,35.0
280,2.0,1.0,0.0,0.0,1.0,2.0,0.0,0.0,65.0
281,2.0,1.0,0.0,0.0,2.0,2.0,0.0,0.0,28.0
282,2.0,1.0,0.0,0.0,2.0,2.0,0.0,0.0,16.0
283,2.0,1.0,0.0,0.0,2.0,2.0,0.0,0.0,19.0
285,2.0,1.0,0.0,0.0,0.0,2.0,0.0,0.0,33.0
286,2.0,1.0,0.0,0.0,2.0,2.0,0.0,0.0,30.0
287,2.0,1.0,0.0,0.0,2.0,2.0,0.0,0.0,22.0
288,1.0,1.0,0.0,0.0,2.0,2.0,0.0,0.0,42.0
289,2.0,0.0,0.0,0.0,1.0,4.0,0.0,0.0,22.0
290,0.0,0.0,0.0,0.0,2.0,4.0,1.0,0.0,26.0
291,0.0,0.0,1.0,0.0,0.0,3.0,2.0,2.0,19.0
292,1.0,1.0,0.0,0.0,0.0,2.0,0.0,0.0,36.0
293,2.0,0.0,0.0,0.0,2.0,4.0,0.0,0.0,24.0
294,2.0,1.0,0.0,0.0,2.0,2.0,0.0,0.0,24.0
296,2.0,1.0,0.0,0.0,0.0,2.0,0.0,0.0,23.5
297,0.0,0.0,1.0,2.0,2.0,4.0,1.0,4.0,2.0
299,0.0,0.0,0.0,1.0,0.0,3.0,4.0,2.0,50.0
302,2.0,1.0,0.0,0.0,2.0,2.0,0.0,0.0,19.0
305,0.0,1.0,1.0,2.0,2.0,5.0,1.0,4.0,0.92
307,0.0,0.0,1.0,0.0,0.0,3.0,1.0,2.0,17.0
308,1.0,1.0,1.0,0.0,0.0,2.0,0.0,2.0,30.0
309,0.0,0.0,0.0,0.0,0.0,4.0,1.0,0.0,30.0
310,0.0,0.0,0.0,0.0,0.0,4.0,1.0,0.0,24.0
311,0.0,0.0,2.0,2.0,0.0,4.0,1.0,5.0,18.0
312,1.0,0.0,1.0,1.0,2.0,3.0,0.0,3.0,26.0
313,2.0,1.0,0.0,0.0,2.0,2.0,0.0,0.0,28.0
314,1.0,1.0,1.0,1.0,2.0,2.0,0.0,3.0,43.0
315,2.0,0.0,0.0,0.0,2.0,4.0,0.0,0.0,26.0
316,1.0,0.0,1.0,0.0,2.0,3.0,0.0,2.0,24.0
317,1.0,1.0,0.0,0.0,2.0,0.0,0.0,0.0,54.0
318,0.0,0.0,0.0,2.0,2.0,4.0,2.0,3.0,31.0
319,0.0,0.0,1.0,1.0,0.0,3.0,1.0,3.0,40.0
320,2.0,1.0,0.0,0.0,2.0,2.0,0.0,0.0,22.0
321,2.0,1.0,0.0,0.0,2.0,2.0,0.0,0.0,27.0
322,1.0,0.0,0.0,0.0,1.0,4.0,0.0,0.0,30.0
323,1.0,0.0,1.0,1.0,2.0,3.0,0.0,3.0,22.0
325,0.0,0.0,0.0,0.0,0.0,4.0,1.0,0.0,36.0
326,2.0,1.0,0.0,0.0,2.0,2.0,0.0,0.0,61.0
327,1.0,0.0,0.0,0.0,2.0,3.0,0.0,0.0,36.0
328,2.0,0.0,1.0,1.0,2.0,3.0,0.0,3.0,31.0
329,0.0,0.0,0.0,1.0,0.0,4.0,1.0,2.0,16.0
331,0.0,1.0,0.0,0.0,2.0,2.0,1.0,0.0,45.5
332,0.0,1.0,0.0,1.0,2.0,2.0,2.0,2.0,38.0
333,2.0,1.0,2.0,0.0,2.0,2.0,0.0,3.0,16.0
336,0.0,1.0,1.0,0.0,2.0,2.0,1.0,2.0,29.0
337,0.0,0.0,0.0,0.0,0.0,4.0,1.0,0.0,41.0
338,2.0,1.0,0.0,0.0,2.0,2.0,0.0,0.0,45.0
339,0.0,1.0,0.0,0.0,2.0,2.0,1.0,0.0,45.0
340,1.0,1.0,1.0,1.0,2.0,5.0,0.0,3.0,2.0
341,0.0,0.0,3.0,2.0,2.0,4.0,2.0,6.0,24.0
342,1.0,1.0,0.0,0.0,2.0,2.0,0.0,0.0,28.0
343,1.0,1.0,0.0,0.0,2.0,2.0,0.0,0.0,25.0
344,1.0,1.0,0.0,0.0,2.0,2.0,0.0,0.0,36.0
345,1.0,0.0,0.0,0.0,2.0,4.0,0.0,0.0,24.0
346,1.0,0.0,0.0,0.0,2.0,4.0,0.0,0.0,40.0
348,2.0,1.0,1.0,1.0,2.0,5.0,0.0,3.0,3.0
349,2.0,1.0,0.0,0.0,2.0,2.0,0.0,0.0,42.0
350,2.0,1.0,0.0,0.0,2.0,2.0,0.0,0.0,23.0
352,2.0,1.0,1.0,1.0,0.0,2.0,0.0,3.0,15.0
353,2.0,1.0,1.0,0.0,2.0,2.0,0.0,2.0,25.0
355,2.0,1.0,0.0,0.0,2.0,2.0,0.0,0.0,28.0
356,0.0,0.0,0.0,1.0,2.0,4.0,1.0,2.0,22.0
357,1.0,0.0,0.0,0.0,2.0,4.0,0.0,0.0,38.0
360,2.0,1.0,1.0,4.0,2.0,2.0,0.0,6.0,40.0
361,1.0,1.0,1.0,0.0,0.0,2.0,0.0,2.0,29.0
362,2.0,0.0,0.0,1.0,0.0,3.0,0.0,2.0,45.0
363,2.0,1.0,0.0,0.0,2.0,2.0,0.0,0.0,35.0
365,2.0,1.0,0.0,0.0,2.0,2.0,0.0,0.0,30.0
366,0.0,0.0,1.0,0.0,0.0,3.0,1.0,2.0,60.0
369,0.0,0.0,0.0,0.0,0.0,3.0,1.0,0.0,24.0
370,0.0,1.0,1.0,0.0,0.0,2.0,1.0,2.0,25.0
371,2.0,1.0,1.0,0.0,2.0,2.0,0.0,2.0,18.0
372,2.0,1.0,0.0,0.0,2.0,2.0,0.0,0.0,19.0
373,0.0,1.0,0.0,0.0,0.0,2.0,1.0,0.0,22.0
374,2.0,0.0,3.0,1.0,2.0,4.0,0.0,5.0,3.0
376,2.0,0.0,0.0,0.0,2.0,4.0,0.0,0.0,22.0
377,0.0,1.0,0.0,2.0,0.0,2.0,2.0,3.0,27.0
378,2.0,1.0,0.0,0.0,0.0,2.0,0.0,0.0,20.0
379,2.0,1.0,0.0,0.0,2.0,2.0,0.0,0.0,19.0
380,0.0,0.0,0.0,0.0,0.0,4.0,2.0,0.0,42.0
381,2.0,0.0,0.0,2.0,0.0,4.0,0.0,3.0,1.0
382,2.0,1.0,0.0,0.0,2.0,2.0,0.0,0.0,32.0
383,0.0,0.0,1.0,0.0,2.0,3.0,1.0,2.0,35.0
385,1.0,1.0,0.0,0.0,2.0,2.0,0.0,0.0,18.0
386,2.0,1.0,5.0,2.0,2.0,5.0,0.0,8.0,1.0
387,1.0,0.0,0.0,0.0,2.0,4.0,0.0,0.0,36.0
389,1.0,0.0,0.0,0.0,0.0,4.0,0.0,0.0,17.0
390,0.0,1.0,1.0,2.0,2.0,2.0,1.0,4.0,36.0
391,2.0,1.0,0.0,0.0,2.0,2.0,0.0,0.0,21.0
392,2.0,1.0,2.0,0.0,2.0,2.0,0.0,3.0,28.0
393,0.0,0.0,1.0,0.0,0.0,4.0,1.0,2.0,23.0
394,2.0,0.0,0.0,2.0,2.0,3.0,0.0,3.0,24.0
395,2.0,1.0,0.0,0.0,2.0,2.0,0.0,0.0,22.0
396,2.0,0.0,0.0,0.0,2.0,4.0,0.0,0.0,31.0
397,1.0,1.0,0.0,0.0,2.0,2.0,0.0,0.0,46.0
398,1.0,1.0,0.0,0.0,2.0,0.0,0.0,0.0,23.0
399,1.0,0.0,0.0,0.0,2.0,3.0,0.0,0.0,28.0
400,2.0,1.0,0.0,0.0,2.0,2.0,0.0,0.0,39.0
401,2.0,1.0,0.0,0.0,2.0,2.0,0.0,0.0,26.0
402,2.0,0.0,1.0,0.0,2.0,4.0,0.0,2.0,21.0
403,2.0,1.0,1.0,0.0,2.0,2.0,0.0,2.0,28.0
404,2.0,0.0,0.0,0.0,2.0,4.0,0.0,0.0,20.0
405,1.0,1.0,1.0,0.0,2.0,2.0,0.0,2.0,34.0
406,2.0,1.0,0.0,0.0,2.0,2.0,0.0,0.0,51.0
407,1.0,1.0,1.0,1.0,2.0,5.0,0.0,3.0,3.0
408,2.0,1.0,0.0,0.0,2.0,2.0,0.0,0.0,21.0
412,0.0,0.0,1.0,0.0,1.0,4.0,1.0,2.0,33.0
414,2.0,1.0,0.0,0.0,2.0,2.0,0.0,0.0,44.0
416,1.0,0.0,1.0,1.0,2.0,3.0,0.0,3.0,34.0
417,1.0,0.0,0.0,2.0,2.0,4.0,0.0,3.0,18.0
418,1.0,1.0,0.0,0.0,2.0,2.0,0.0,0.0,30.0
419,2.0,0.0,0.0,2.0,2.0,4.0,0.0,3.0,10.0
421,2.0,1.0,0.0,0.0,1.0,2.0,0.0,0.0,21.0
422,2.0,1.0,0.0,0.0,2.0,2.0,0.0,0.0,29.0
423,2.0,0.0,1.0,1.0,2.0,3.0,0.0,3.0,28.0
424,2.0,1.0,1.0,1.0,2.0,2.0,0.0,3.0,18.0
426,1.0,0.0,1.0,0.0,2.0,3.0,0.0,2.0,28.0
427,1.0,0.0,0.0,0.0,2.0,4.0,0.0,0.0,19.0
429,2.0,1.0,0.0,0.0,2.0,2.0,0.0,0.0,32.0
430,0.0,1.0,0.0,0.0,2.0,2.0,1.0,0.0,28.0
432,1.0,0.0,1.0,0.0,2.0,3.0,0.0,2.0,42.0
433,2.0,1.0,0.0,0.0,2.0,2.0,0.0,0.0,17.0
434,0.0,1.0,1.0,0.0,2.0,2.0,1.0,2.0,50.0
435,0.0,0.0,1.0,2.0,2.0,4.0,1.0,4.0,14.0
436,2.0,0.0,2.0,2.0,2.0,4.0,0.0,5.0,21.0
437,1.0,0.0,2.0,3.0,2.0,3.0,0.0,6.0,24.0
438,0.0,1.0,1.0,4.0,2.0,2.0,2.0,6.0,64.0
439,1.0,1.0,0.0,0.0,2.0,2.0,0.0,0.0,31.0
440,1.0,0.0,1.0,1.0,2.0,3.0,0.0,3.0,45.0
441,2.0,1.0,0.0,0.0,2.0,2.0,0.0,0.0,20.0
442,2.0,1.0,1.0,0.0,2.0,2.0,0.0,2.0,25.0
443,1.0,0.0,0.0,0.0,2.0,4.0,0.0,0.0,28.0
445,0.0,1.0,0.0,2.0,2.0,5.0,1.0,3.0,4.0
446,1.0,0.0,0.0,1.0,2.0,4.0,0.0,2.0,13.0
447,0.0,1.0,0.0,0.0,2.0,2.0,1.0,0.0,34.0
448,2.0,0.0,2.0,1.0,0.0,4.0,0.0,4.0,5.0
449,0.0,1.0,0.0,0.0,2.0,1.0,1.0,0.0,52.0
450,1.0,1.0,1.0,2.0,2.0,2.0,0.0,4.0,36.0
452,0.0,1.0,0.0,0.0,0.0,2.0,1.0,0.0,30.0
453,0.0,1.0,1.0,0.0,0.0,2.0,2.0,2.0,49.0
455,2.0,1.0,0.0,0.0,0.0,2.0,0.0,0.0,29.0
456,0.0,1.0,0.0,0.0,2.0,2.0,1.0,0.0,65.0
458,1.0,0.0,0.0,0.0,2.0,4.0,0.0,0.0,50.0
460,0.0,1.0,0.0,0.0,2.0,2.0,1.0,0.0,48.0
461,2.0,1.0,0.0,0.0,2.0,2.0,0.0,0.0,34.0
462,0.0,1.0,0.0,0.0,2.0,2.0,1.0,0.0,47.0
463,1.0,1.0,0.0,0.0,2.0,2.0,0.0,0.0,48.0
465,2.0,1.0,0.0,0.0,2.0,2.0,0.0,0.0,38.0
467,0.0,1.0,0.0,0.0,2.0,2.0,1.0,0.0,56.0
469,2.0,0.0,2.0,1.0,0.0,4.0,0.0,4.0,0.75
471,2.0,1.0,0.0,0.0,2.0,2.0,0.0,0.0,38.0
472,1.0,0.0,1.0,2.0,2.0,3.0,0.0,4.0,33.0
473,1.0,0.0,0.0,0.0,0.0,3.0,0.0,0.0,23.0
474,2.0,0.0,0.0,0.0,2.0,4.0,0.0,0.0,22.0
476,1.0,1.0,1.0,0.0,2.0,2.0,0.0,2.0,34.0
477,2.0,1.0,1.0,0.0,2.0,2.0,0.0,2.0,29.0
478,2.0,1.0,0.0,0.0,2.0,2.0,0.0,0.0,22.0
479,2.0,0.0,0.0,1.0,2.0,4.0,0.0,2.0,2.0
480,2.0,1.0,5.0,2.0,2.0,5.0,0.0,8.0,9.0
482,2.0,1.0,0.0,0.0,2.0,2.0,0.0,0.0,50.0
483,2.0,0.0,0.0,0.0,2.0,3.0,0.0,0.0,63.0
484,0.0,1.0,1.0,0.0,0.0,2.0,2.0,2.0,25.0
486,0.0,0.0,1.0,0.0,2.0,3.0,2.0,2.0,35.0
487,0.0,1.0,0.0,0.0,0.0,2.0,1.0,0.0,58.0
488,2.0,1.0,0.0,0.0,2.0,2.0,0.0,0.0,30.0
489,2.0,1.0,1.0,1.0,2.0,5.0,0.0,3.0,9.0
491,2.0,1.0,0.0,0.0,2.0,2.0,0.0,0.0,21.0
492,0.0,1.0,0.0,0.0,2.0,2.0,1.0,0.0,55.0
493,0.0,1.0,0.0,0.0,0.0,2.0,2.0,0.0,71.0
494,2.0,1.0,0.0,0.0,2.0,2.0,0.0,0.0,21.0
496,0.0,0.0,1.0,0.0,0.0,4.0,1.0,2.0,54.0
498,0.0,0.0,1.0,2.0,2.0,3.0,1.0,4.0,25.0
499,2.0,1.0,0.0,0.0,2.0,2.0,0.0,0.0,24.0
500,2.0,1.0,0.0,0.0,2.0,2.0,0.0,0.0,17.0
501,2.0,0.0,0.0,0.0,1.0,4.0,0.0,0.0,21.0
503,2.0,0.0,0.0,0.0,2.0,4.0,0.0,0.0,37.0
504,0.0,0.0,0.0,0.0,2.0,4.0,1.0,0.0,16.0
505,0.0,1.0,1.0,0.0,0.0,2.0,1.0,2.0,18.0
506,1.0,0.0,0.0,2.0,2.0,3.0,0.0,3.0,33.0
508,2.0,1.0,0.0,0.0,2.0,2.0,0.0,0.0,28.0
509,2.0,1.0,0.0,0.0,2.0,2.0,0.0,0.0,26.0
510,2.0,1.0,0.0,0.0,1.0,2.0,0.0,0.0,29.0
512,0.0,1.0,0.0,0.0,2.0,2.0,1.0,0.0,36.0
513,0.0,0.0,1.0,0.0,0.0,3.0,1.0,2.0,54.0
514,2.0,1.0,0.0,0.0,2.0,2.0,0.0,0.0,24.0
515,0.0,1.0,0.0,0.0,2.0,2.0,1.0,0.0,47.0
516,1.0,0.0,0.0,0.0,2.0,3.0,0.0,0.0,34.0
518,1.0,0.0,1.0,0.0,2.0,3.0,0.0,2.0,36.0
519,2.0,1.0,0.0,0.0,2.0,2.0,0.0,0.0,32.0
520,0.0,0.0,0.0,0.0,2.0,4.0,1.0,0.0,30.0
521,2.0,1.0,0.0,0.0,2.0,2.0,0.0,0.0,22.0
523,0.0,0.0,0.0,1.0,0.0,3.0,1.0,2.0,44.0
525,2.0,1.0,0.0,0.0,1.0,2.0,0.0,0.0,40.5
526,1.0,0.0,0.0,0.0,2.0,4.0,0.0,0.0,50.0
528,2.0,1.0,0.0,0.0,2.0,2.0,0.0,0.0,39.0
529,1.0,1.0,2.0,1.0,2.0,2.0,0.0,4.0,23.0
530,1.0,0.0,1.0,1.0,2.0,4.0,0.0,3.0,2.0
532,2.0,1.0,1.0,1.0,0.0,2.0,0.0,3.0,17.0
534,2.0,0.0,0.0,0.0,2.0,4.0,0.0,0.0,30.0
535,1.0,0.0,0.0,2.0,2.0,4.0,0.0,3.0,7.0
536,0.0,1.0,0.0,0.0,2.0,1.0,1.0,0.0,45.0
537,0.0,0.0,0.0,0.0,0.0,4.0,1.0,0.0,30.0
539,0.0,0.0,0.0,2.0,0.0,4.0,2.0,3.0,22.0
540,0.0,0.0,0.0,2.0,2.0,4.0,1.0,3.0,36.0
541,2.0,0.0,4.0,2.0,2.0,4.0,0.0,7.0,9.0
542,2.0,0.0,4.0,2.0,2.0,4.0,0.0,7.0,11.0
543,1.0,1.0,1.0,0.0,2.0,2.0,0.0,2.0,32.0
544,0.0,1.0,1.0,0.0,0.0,2.0,1.0,2.0,50.0
545,0.0,1.0,0.0,0.0,2.0,2.0,1.0,0.0,64.0
546,1.0,0.0,1.0,0.0,2.0,3.0,0.0,2.0,19.0
548,2.0,1.0,1.0,1.0,2.0,2.0,0.0,3.0,33.0
549,1.0,1.0,1.0,1.0,2.0,5.0,0.0,3.0,8.0
550,0.0,1.0,0.0,2.0,0.0,2.0,1.0,3.0,17.0
551,1.0,1.0,0.0,0.0,2.0,2.0,0.0,0.0,27.0
553,2.0,1.0,0.0,0.0,0.0,2.0,0.0,0.0,22.0
554,2.0,0.0,0.0,0.0,2.0,4.0,0.0,0.0,22.0
555,0.0,1.0,0.0,0.0,2.0,2.0,1.0,0.0,62.0
556,0.0,0.0,1.0,0.0,0.0,5.0,1.0,2.0,48.0
558,0.0,0.0,1.0,1.0,2.0,3.0,1.0,3.0,39.0
559,2.0,0.0,1.0,0.0,2.0,3.0,0.0,2.0,36.0
561,2.0,1.0,0.0,0.0,2.0,2.0,0.0,0.0,40.0
562,1.0,1.0,0.0,0.0,2.0,2.0,0.0,0.0,28.0
565,2.0,1.0,2.0,0.0,2.0,2.0,0.0,3.0,24.0
566,2.0,1.0,0.0,0.0,2.0,2.0,0.0,0.0,19.0
567,2.0,0.0,0.0,4.0,2.0,3.0,0.0,5.0,29.0
569,2.0,1.0,0.0,0.0,2.0,2.0,0.0,0.0,32.0
570,1.0,1.0,0.0,0.0,2.0,2.0,0.0,0.0,62.0
571,0.0,0.0,2.0,0.0,2.0,3.0,1.0,3.0,53.0
572,0.0,1.0,0.0,0.0,2.0,2.0,1.0,0.0,36.0
574,2.0,1.0,0.0,0.0,2.0,2.0,0.0,0.0,16.0
575,2.0,1.0,0.0,0.0,2.0,2.0,0.0,0.0,19.0
576,1.0,0.0,0.0,0.0,2.0,4.0,0.0,0.0,34.0
577,0.0,0.0,1.0,0.0,2.0,3.0,1.0,2.0,39.0
579,2.0,1.0,0.0,0.0,2.0,2.0,0.0,0.0,32.0
580,1.0,0.0,1.0,1.0,2.0,4.0,0.0,3.0,25.0
581,0.0,0.0,1.0,1.0,0.0,3.0,1.0,3.0,39.0
582,1.0,1.0,0.0,0.0,2.0,2.0,0.0,0.0,54.0
583,0.0,1.0,0.0,0.0,0.0,2.0,2.0,0.0,36.0
585,0.0,0.0,0.0,2.0,2.0,4.0,1.0,3.0,18.0
586,1.0,1.0,0.0,0.0,2.0,2.0,0.0,0.0,47.0
587,0.0,1.0,1.0,1.0,0.0,2.0,1.0,3.0,60.0
588,2.0,1.0,0.0,0.0,2.0,2.0,0.0,0.0,22.0
590,2.0,1.0,0.0,0.0,2.0,2.0,0.0,0.0,35.0
591,0.0,0.0,1.0,0.0,0.0,3.0,1.0,2.0,52.0
592,2.0,1.0,0.0,0.0,2.0,2.0,0.0,0.0,47.0
594,1.0,1.0,1.0,0.0,2.0,2.0,0.0,2.0,37.0
595,2.0,1.0,1.0,1.0,2.0,2.0,0.0,3.0,36.0
597,2.0,1.0,0.0,0.0,2.0,2.0,0.0,0.0,49.0
599,0.0,1.0,1.0,0.0,0.0,5.0,1.0,2.0,49.0
600,1.0,0.0,2.0,1.0,2.0,3.0,0.0,4.0,24.0
603,2.0,1.0,0.0,0.0,2.0,2.0,0.0,0.0,44.0
604,0.0,1.0,0.0,0.0,0.0,2.0,1.0,0.0,35.0
605,2.0,1.0,1.0,0.0,2.0,2.0,0.0,2.0,36.0
606,2.0,1.0,0.0,0.0,2.0,2.0,0.0,0.0,30.0
607,0.0,1.0,0.0,0.0,2.0,2.0,1.0,0.0,27.0
608,1.0,0.0,1.0,2.0,0.0,3.0,0.0,4.0,22.0
609,0.0,0.0,0.0,0.0,2.0,4.0,2.0,0.0,40.0
610,2.0,0.0,1.0,5.0,2.0,3.0,0.0,7.0,39.0
614,2.0,1.0,0.0,0.0,2.0,2.0,0.0,0.0,35.0
615,1.0,0.0,1.0,2.0,2.0,4.0,0.0,4.0,24.0
616,2.0,1.0,1.0,1.0,2.0,2.0,0.0,3.0,34.0
617,2.0,0.0,1.0,0.0,2.0,3.0,0.0,2.0,26.0
618,1.0,0.0,2.0,1.0,2.0,4.0,0.0,4.0,4.0
619,1.0,1.0,0.0,0.0,2.0,2.0,0.0,0.0,26.0
620,2.0,1.0,1.0,0.0,0.0,2.0,0.0,2.0,27.0
621,0.0,1.0,1.0,0.0,2.0,2.0,1.0,2.0,42.0
622,2.0,1.0,1.0,1.0,0.0,2.0,0.0,3.0,20.0
623,2.0,1.0,0.0,0.0,2.0,2.0,0.0,0.0,21.0
624,2.0,1.0,0.0,0.0,2.0,2.0,0.0,0.0,21.0
625,0.0,1.0,0.0,0.0,2.0,2.0,1.0,0.0,61.0
626,1.0,1.0,0.0,0.0,1.0,6.0,0.0,0.0,57.0
627,0.0,0.0,0.0,0.0,2.0,4.0,1.0,0.0,21.0
628,2.0,1.0,0.0,0.0,2.0,2.0,0.0,0.0,26.0
630,0.0,1.0,0.0,0.0,2.0,2.0,1.0,0.0,80.0
631,2.0,1.0,0.0,0.0,2.0,2.0,0.0,0.0,51.0
632,0.0,1.0,0.0,0.0,0.0,0.0,1.0,0.0,32.0
634,2.0,0.0,3.0,2.0,2.0,4.0,0.0,6.0,9.0
635,1.0,0.0,0.0,0.0,2.0,4.0,0.0,0.0,28.0
636,2.0,1.0,0.0,0.0,2.0,2.0,0.0,0.0,32.0
637,1.0,1.0,1.0,1.0,2.0,2.0,0.0,3.0,31.0
638,2.0,0.0,0.0,5.0,2.0,3.0,0.0,6.0,41.0
640,2.0,1.0,0.0,0.0,2.0,2.0,0.0,0.0,20.0
641,0.0,0.0,0.0,0.0,0.0,4.0,1.0,0.0,24.0
642,2.0,0.0,3.0,2.0,2.0,4.0,0.0,6.0,2.0
644,2.0,0.0,2.0,1.0,0.0,4.0,0.0,4.0,0.75
645,0.0,1.0,1.0,0.0,0.0,2.0,1.0,2.0,48.0
646,2.0,1.0,0.0,0.0,2.0,2.0,0.0,0.0,19.0
647,0.0,1.0,0.0,0.0,0.0,1.0,1.0,0.0,56.0
649,2.0,0.0,0.0,0.0,2.0,4.0,0.0,0.0,23.0
651,1.0,0.0,0.0,1.0,2.0,4.0,0.0,2.0,18.0
652,2.0,1.0,0.0,0.0,2.0,2.0,0.0,0.0,21.0
654,2.0,0.0,0.0,0.0,1.0,4.0,0.0,0.0,18.0
655,1.0,1.0,2.0,0.0,2.0,2.0,0.0,3.0,24.0
657,2.0,0.0,1.0,1.0,1.0,3.0,0.0,3.0,32.0
658,1.0,1.0,0.0,0.0,2.0,2.0,0.0,0.0,23.0
659,0.0,1.0,0.0,2.0,0.0,2.0,1.0,3.0,58.0
660,0.0,1.0,2.0,0.0,2.0,0.0,3.0,3.0,50.0
661,2.0,1.0,0.0,0.0,0.0,2.0,0.0,0.0,40.0
662,0.0,1.0,0.0,0.0,2.0,2.0,1.0,0.0,47.0
663,2.0,1.0,0.0,0.0,2.0,2.0,0.0,0.0,36.0
664,2.0,1.0,1.0,0.0,2.0,2.0,0.0,2.0,20.0
665,1.0,1.0,2.0,0.0,2.0,2.0,0.0,3.0,32.0
666,1.0,1.0,0.0,0.0,2.0,2.0,0.0,0.0,25.0
668,2.0,1.0,0.0,0.0,2.0,2.0,0.0,0.0,43.0
670,1.0,0.0,1.0,1.0,2.0,3.0,0.0,3.0,40.0
671,0.0,1.0,1.0,0.0,2.0,2.0,1.0,2.0,31.0
672,1.0,1.0,0.0,0.0,2.0,2.0,0.0,0.0,70.0
673,1.0,1.0,0.0,0.0,2.0,2.0,0.0,0.0,31.0
675,2.0,1.0,0.0,0.0,2.0,2.0,0.0,0.0,18.0
676,2.0,1.0,0.0,0.0,2.0,2.0,0.0,0.0,24.5
677,2.0,0.0,0.0,0.0,2.0,4.0,0.0,0.0,18.0
678,2.0,0.0,1.0,6.0,2.0,3.0,0.0,8.0,43.0
679,0.0,1.0,0.0,1.0,0.0,2.0,4.0,2.0,36.0
681,0.0,1.0,0.0,0.0,0.0,2.0,1.0,0.0,27.0
682,2.0,1.0,0.0,0.0,2.0,2.0,0.0,0.0,20.0
683,2.0,1.0,5.0,2.0,2.0,2.0,0.0,8.0,14.0
684,1.0,1.0,1.0,1.0,2.0,2.0,0.0,3.0,60.0
685,1.0,1.0,1.0,2.0,0.0,2.0,0.0,4.0,25.0
686,2.0,1.0,4.0,1.0,2.0,2.0,0.0,6.0,14.0
687,2.0,1.0,0.0,0.0,2.0,2.0,0.0,0.0,19.0
688,2.0,1.0,0.0,0.0,2.0,2.0,0.0,0.0,18.0
689,0.0,0.0,0.0,1.0,2.0,4.0,2.0,2.0,15.0
690,0.0,1.0,1.0,0.0,2.0,2.0,1.0,2.0,31.0
691,2.0,0.0,0.0,1.0,0.0,4.0,0.0,2.0,4.0
693,2.0,1.0,0.0,0.0,0.0,2.0,0.0,0.0,25.0
694,0.0,1.0,0.0,0.0,2.0,1.0,1.0,0.0,60.0
695,1.0,1.0,0.0,0.0,2.0,2.0,0.0,0.0,52.0
696,2.0,1.0,0.0,0.0,2.0,2.0,0.0,0.0,44.0
698,0.0,1.0,1.0,1.0,0.0,2.0,1.0,3.0,49.0
699,2.0,1.0,0.0,0.0,2.0,2.0,0.0,0.0,42.0
700,0.0,0.0,1.0,0.0,0.0,3.0,2.0,2.0,18.0
701,0.0,1.0,0.0,0.0,2.0,2.0,1.0,0.0,35.0
702,2.0,0.0,0.0,1.0,0.0,4.0,0.0,2.0,18.0
703,2.0,1.0,0.0,0.0,1.0,2.0,0.0,0.0,25.0
704,2.0,1.0,1.0,0.0,2.0,2.0,0.0,2.0,26.0
705,1.0,1.0,0.0,0.0,2.0,2.0,0.0,0.0,39.0
706,1.0,0.0,0.0,0.0,2.0,3.0,0.0,0.0,45.0
707,0.0,1.0,0.0,0.0,2.0,2.0,1.0,0.0,42.0
708,0.0,0.0,0.0,0.0,2.0,4.0,1.0,0.0,22.0
710,0.0,0.0,0.0,0.0,0.0,4.0,2.0,0.0,24.0
712,0.0,1.0,1.0,0.0,2.0,2.0,1.0,2.0,48.0
713,2.0,1.0,0.0,0.0,2.0,2.0,0.0,0.0,29.0
714,1.0,1.0,0.0,0.0,2.0,2.0,0.0,0.0,52.0
715,2.0,1.0,0.0,0.0,2.0,2.0,0.0,0.0,19.0
716,0.0,0.0,0.0,0.0,0.0,4.0,2.0,0.0,38.0
717,1.0,0.0,0.0,0.0,2.0,4.0,0.0,0.0,27.0
719,2.0,1.0,0.0,0.0,2.0,2.0,0.0,0.0,33.0
720,1.0,0.0,0.0,1.0,2.0,4.0,0.0,2.0,6.0
721,2.0,1.0,1.0,0.0,2.0,2.0,0.0,2.0,17.0
722,1.0,1.0,0.0,0.0,2.0,2.0,0.0,0.0,34.0
723,1.0,1.0,0.0,0.0,2.0,2.0,0.0,0.0,50.0
724,0.0,1.0,1.0,0.0,2.0,2.0,1.0,2.0,27.0
725,2.0,1.0,0.0,0.0,2.0,2.0,0.0,0.0,20.0
726,1.0,0.0,3.0,0.0,2.0,3.0,0.0,4.0,30.0
728,1.0,1.0,1.0,0.0,2.0,2.0,0.0,2.0,25.0
729,2.0,0.0,1.0,0.0,2.0,4.0,0.0,2.0,25.0
730,0.0,0.0,0.0,0.0,2.0,4.0,2.0,0.0,29.0
731,2.0,1.0,0.0,0.0,0.0,2.0,0.0,0.0,11.0
733,1.0,1.0,0.0,0.0,2.0,2.0,0.0,0.0,23.0
734,1.0,1.0,0.0,0.0,2.0,2.0,0.0,0.0,23.0
735,2.0,1.0,0.0,0.0,2.0,2.0,0.0,0.0,28.5
736,2.0,0.0,1.0,3.0,2.0,3.0,0.0,5.0,48.0
737,0.0,1.0,0.0,0.0,0.0,2.0,4.0,0.0,35.0
741,0.0,1.0,1.0,0.0,2.0,2.0,1.0,2.0,36.0
742,0.0,0.0,2.0,2.0,0.0,4.0,1.0,5.0,21.0
743,2.0,1.0,1.0,0.0,2.0,2.0,0.0,2.0,24.0
744,2.0,1.0,0.0,0.0,2.0,2.0,0.0,0.0,31.0
745,0.0,1.0,1.0,1.0,2.0,1.0,1.0,3.0,70.0
746,2.0,1.0,1.0,1.0,2.0,2.0,0.0,3.0,16.0
747,1.0,0.0,0.0,0.0,2.0,4.0,0.0,0.0,30.0
748,0.0,1.0,1.0,0.0,2.0,2.0,1.0,2.0,19.0
749,2.0,1.0,0.0,0.0,1.0,2.0,0.0,0.0,31.0
750,1.0,0.0,1.0,1.0,2.0,4.0,0.0,3.0,4.0
751,2.0,1.0,0.0,1.0,2.0,5.0,0.0,2.0,6.0
752,2.0,1.0,0.0,0.0,2.0,2.0,0.0,0.0,33.0
753,2.0,1.0,0.0,0.0,2.0,2.0,0.0,0.0,23.0
754,1.0,0.0,1.0,2.0,2.0,3.0,0.0,4.0,48.0
755,1.0,1.0,1.0,1.0,2.0,5.0,0.0,3.0,0.67
756,2.0,1.0,0.0,0.0,2.0,2.0,0.0,0.0,28.0
757,1.0,1.0,0.0,0.0,2.0,2.0,0.0,0.0,18.0
758,2.0,1.0,0.0,0.0,2.0,2.0,0.0,0.0,34.0
759,0.0,0.0,0.0,0.0,2.0,5.0,1.0,0.0,33.0
761,2.0,1.0,0.0,0.0,2.0,2.0,0.0,0.0,41.0
762,2.0,1.0,0.0,0.0,0.0,2.0,0.0,0.0,20.0
763,0.0,0.0,1.0,2.0,2.0,3.0,1.0,4.0,36.0
764,2.0,1.0,0.0,0.0,2.0,2.0,0.0,0.0,16.0
765,0.0,0.0,1.0,0.0,2.0,3.0,1.0,2.0,51.0
767,2.0,0.0,0.0,0.0,1.0,4.0,0.0,0.0,30.5
769,2.0,1.0,0.0,0.0,2.0,2.0,0.0,0.0,32.0
770,2.0,1.0,0.0,0.0,2.0,2.0,0.0,0.0,24.0
771,2.0,1.0,0.0,0.0,2.0,2.0,0.0,0.0,48.0
772,1.0,0.0,0.0,0.0,2.0,3.0,0.0,0.0,57.0
774,1.0,0.0,1.0,3.0,2.0,3.0,0.0,5.0,54.0
775,2.0,1.0,0.0,0.0,2.0,2.0,0.0,0.0,18.0
777,2.0,0.0,0.0,0.0,2.0,4.0,0.0,0.0,5.0
779,0.0,0.0,0.0,1.0,2.0,3.0,2.0,2.0,43.0
780,2.0,0.0,0.0,0.0,0.0,4.0,0.0,0.0,13.0
781,0.0,0.0,1.0,0.0,2.0,3.0,1.0,2.0,17.0
782,0.0,1.0,0.0,0.0,2.0,2.0,1.0,0.0,29.0
784,2.0,1.0,0.0,0.0,2.0,2.0,0.0,0.0,25.0
785,2.0,1.0,0.0,0.0,2.0,2.0,0.0,0.0,25.0
786,2.0,0.0,0.0,0.0,2.0,4.0,0.0,0.0,18.0
787,2.0,1.0,4.0,1.0,1.0,5.0,0.0,6.0,8.0
788,2.0,1.0,1.0,2.0,2.0,5.0,0.0,4.0,1.0
789,0.0,1.0,0.0,0.0,0.0,2.0,1.0,0.0,46.0
791,1.0,1.0,0.0,0.0,2.0,2.0,0.0,0.0,16.0
794,2.0,1.0,0.0,0.0,2.0,2.0,0.0,0.0,25.0
795,1.0,1.0,0.0,0.0,2.0,2.0,0.0,0.0,39.0
796,0.0,0.0,0.0,0.0,2.0,0.0,1.0,0.0,49.0
797,2.0,0.0,0.0,0.0,2.0,3.0,0.0,0.0,31.0
798,2.0,1.0,0.0,0.0,0.0,2.0,0.0,0.0,30.0
799,2.0,0.0,1.0,1.0,2.0,3.0,0.0,3.0,30.0
800,1.0,1.0,0.0,0.0,2.0,2.0,0.0,0.0,34.0
801,1.0,0.0,1.0,1.0,2.0,3.0,0.0,3.0,31.0
802,0.0,1.0,1.0,2.0,2.0,5.0,1.0,4.0,11.0
803,2.0,1.0,0.0,1.0,0.0,5.0,0.0,2.0,0.42
804,2.0,1.0,0.0,0.0,2.0,2.0,0.0,0.0,27.0
805,2.0,1.0,0.0,0.0,2.0,2.0,0.0,0.0,31.0
806,0.0,1.0,0.0,0.0,2.0,2.0,0.0,0.0,39.0
807,2.0,0.0,0.0,0.0,2.0,4.0,0.0,0.0,18.0
808,1.0,1.0,0.0,0.0,2.0,2.0,0.0,0.0,39.0
809,0.0,0.0,1.0,0.0,2.0,3.0,1.0,2.0,33.0
810,2.0,1.0,0.0,0.0,2.0,2.0,0.0,0.0,26.0
811,2.0,1.0,0.0,0.0,2.0,2.0,0.0,0.0,39.0
812,1.0,1.0,0.0,0.0,2.0,2.0,0.0,0.0,35.0
813,2.0,0.0,4.0,2.0,2.0,4.0,0.0,7.0,6.0
814,2.0,1.0,0.0,0.0,2.0,2.0,0.0,0.0,30.5
816,2.0,0.0,0.0,0.0,2.0,4.0,0.0,0.0,23.0
817,1.0,1.0,1.0,1.0,0.0,2.0,0.0,3.0,31.0
818,2.0,1.0,0.0,0.0,2.0,2.0,0.0,0.0,43.0
819,2.0,1.0,3.0,2.0,2.0,5.0,0.0,6.0,10.0
820,0.0,0.0,1.0,1.0,2.0,3.0,1.0,3.0,52.0
821,2.0,1.0,0.0,0.0,2.0,2.0,0.0,0.0,27.0
822,0.0,1.0,0.0,0.0,2.0,5.0,0.0,0.0,38.0
823,2.0,0.0,0.0,1.0,2.0,3.0,0.0,2.0,27.0
824,2.0,1.0,4.0,1.0,2.0,5.0,0.0,6.0,2.0
827,1.0,1.0,0.0,2.0,0.0,5.0,0.0,3.0,1.0
830,2.0,0.0,1.0,0.0,0.0,3.0,0.0,2.0,15.0
831,1.0,1.0,1.0,1.0,2.0,5.0,0.0,3.0,0.83
833,2.0,1.0,0.0,0.0,2.0,2.0,0.0,0.0,23.0
834,2.0,1.0,0.0,0.0,2.0,2.0,0.0,0.0,18.0
835,0.0,0.0,1.0,1.0,0.0,4.0,1.0,3.0,39.0
836,2.0,1.0,0.0,0.0,2.0,2.0,0.0,0.0,21.0
838,2.0,1.0,0.0,0.0,2.0,2.0,0.0,0.0,32.0
840,2.0,1.0,0.0,0.0,2.0,2.0,0.0,0.0,20.0
841,1.0,1.0,0.0,0.0,2.0,2.0,0.0,0.0,16.0
842,0.0,0.0,0.0,0.0,0.0,4.0,0.0,0.0,30.0
843,2.0,1.0,0.0,0.0,0.0,2.0,0.0,0.0,34.5
844,2.0,1.0,0.0,0.0,2.0,2.0,0.0,0.0,17.0
845,2.0,1.0,0.0,0.0,2.0,2.0,0.0,0.0,42.0
847,2.0,1.0,0.0,0.0,0.0,2.0,0.0,0.0,35.0
848,1.0,1.0,0.0,1.0,2.0,6.0,0.0,2.0,28.0
850,2.0,1.0,4.0,2.0,2.0,5.0,0.0,7.0,4.0
851,2.0,1.0,0.0,0.0,2.0,2.0,0.0,0.0,74.0
852,2.0,0.0,1.0,1.0,0.0,4.0,0.0,3.0,9.0
853,0.0,0.0,0.0,1.0,2.0,4.0,0.0,2.0,16.0
854,1.0,0.0,1.0,0.0,2.0,3.0,0.0,2.0,44.0
855,2.0,0.0,0.0,1.0,2.0,3.0,0.0,2.0,18.0
856,0.0,0.0,1.0,1.0,2.0,3.0,2.0,3.0,45.0
857,0.0,1.0,0.0,0.0,2.0,2.0,1.0,0.0,51.0
858,2.0,0.0,0.0,3.0,0.0,3.0,0.0,4.0,24.0
860,2.0,1.0,2.0,0.0,2.0,2.0,0.0,3.0,41.0
861,1.0,1.0,1.0,0.0,2.0,2.0,0.0,2.0,21.0
862,0.0,0.0,0.0,0.0,2.0,3.0,1.0,0.0,48.0
864,1.0,1.0,0.0,0.0,2.0,2.0,0.0,0.0,24.0
865,1.0,0.0,0.0,0.0,2.0,3.0,0.0,0.0,42.0
866,1.0,0.0,1.0,0.0,0.0,4.0,0.0,2.0,27.0
867,0.0,1.0,0.0,0.0,2.0,2.0,2.0,0.0,31.0
869,2.0,1.0,1.0,1.0,2.0,5.0,0.0,3.0,4.0
870,2.0,1.0,0.0,0.0,2.0,2.0,0.0,0.0,26.0
871,0.0,0.0,1.0,1.0,2.0,3.0,1.0,3.0,47.0
872,0.0,1.0,0.0,0.0,2.0,2.0,0.0,0.0,33.0
873,2.0,1.0,0.0,0.0,2.0,2.0,0.0,0.0,47.0
874,1.0,0.0,1.0,0.0,0.0,3.0,0.0,2.0,28.0
875,2.0,0.0,0.0,0.0,0.0,4.0,0.0,0.0,15.0
876,2.0,1.0,0.0,0.0,2.0,2.0,0.0,0.0,20.0
877,2.0,1.0,0.0,0.0,2.0,2.0,0.0,0.0,19.0
879,0.0,0.0,0.0,1.0,0.0,3.0,1.0,2.0,56.0
880,1.0,0.0,0.0,1.0,2.0,3.0,0.0,2.0,25.0
881,2.0,1.0,0.0,0.0,2.0,2.0,0.0,0.0,33.0
882,2.0,0.0,0.0,0.0,2.0,4.0,0.0,0.0,22.0
883,1.0,1.0,0.0,0.0,2.0,2.0,0.0,0.0,28.0
884,2.0,1.0,0.0,0.0,2.0,2.0,0.0,0.0,25.0
885,2.0,0.0,0.0,5.0,1.0,3.0,0.0,6.0,39.0
886,1.0,1.0,0.0,0.0,2.0,6.0,0.0,0.0,27.0
887,0.0,0.0,0.0,0.0,2.0,4.0,1.0,0.0,19.0
889,0.0,1.0,0.0,0.0,0.0,2.0,1.0,0.0,26.0
890,2.0,1.0,0.0,0.0,1.0,2.0,0.0,0.0,32.0
891,2.0,1.0,0.0,0.0,1.0,2.0,0.0,0.0,34.5
892,2.0,0.0,1.0,0.0,2.0,3.0,0.0,2.0,47.0
893,1.0,1.0,0.0,0.0,1.0,2.0,0.0,0.0,62.0
894,2.0,1.0,0.0,0.0,2.0,2.0,0.0,0.0,27.0
895,2.0,0.0,1.0,1.0,2.0,3.0,0.0,3.0,22.0
896,2.0,1.0,0.0,0.0,2.0,2.0,0.0,0.0,14.0
897,2.0,0.0,0.0,0.0,1.0,4.0,0.0,0.0,30.0
898,1.0,1.0,1.0,1.0,2.0,2.0,0.0,3.0,26.0
899,2.0,0.0,0.0,0.0,0.0,3.0,0.0,0.0,18.0
900,2.0,1.0,2.0,0.0,2.0,2.0,0.0,3.0,21.0
902,0.0,1.0,0.0,0.0,2.0,2.0,1.0,0.0,46.0
903,0.0,0.0,1.0,0.0,2.0,3.0,2.0,2.0,23.0
904,1.0,1.0,1.0,0.0,2.0,2.0,0.0,2.0,63.0
905,0.0,0.0,1.0,0.0,2.0,3.0,1.0,2.0,47.0
906,1.0,0.0,1.0,0.0,0.0,3.0,0.0,2.0,24.0
907,1.0,1.0,0.0,0.0,1.0,2.0,0.0,0.0,35.0
908,2.0,1.0,0.0,0.0,0.0,2.0,0.0,0.0,21.0
909,2.0,0.0,1.0,0.0,2.0,4.0,0.0,2.0,27.0
910,2.0,0.0,0.0,0.0,0.0,3.0,0.0,0.0,45.0
911,0.0,1.0,1.0,0.0,0.0,2.0,1.0,2.0,55.0
912,2.0,1.0,0.0,1.0,2.0,5.0,0.0,2.0,9.0
914,0.0,1.0,0.0,1.0,0.0,2.0,1.0,2.0,21.0
915,0.0,0.0,1.0,3.0,0.0,3.0,1.0,5.0,48.0
916,2.0,1.0,1.0,0.0,2.0,2.0,0.0,2.0,50.0
917,0.0,0.0,0.0,1.0,0.0,4.0,1.0,2.0,22.0
918,2.0,1.0,0.0,0.0,0.0,2.0,0.0,0.0,22.5
919,0.0,1.0,0.0,0.0,2.0,2.0,1.0,0.0,41.0
921,1.0,1.0,1.0,0.0,2.0,2.0,0.0,2.0,50.0
922,1.0,1.0,2.0,0.0,2.0,2.0,0.0,3.0,24.0
923,2.0,0.0,1.0,2.0,2.0,3.0,0.0,4.0,33.0
925,0.0,1.0,1.0,0.0,0.0,2.0,1.0,2.0,30.0
926,2.0,1.0,0.0,0.0,0.0,2.0,0.0,0.0,18.5
928,2.0,0.0,0.0,0.0,2.0,4.0,0.0,0.0,21.0
929,2.0,1.0,0.0,0.0,2.0,2.0,0.0,0.0,25.0
931,2.0,1.0,0.0,1.0,0.0,2.0,0.0,2.0,39.0
933,2.0,1.0,0.0,0.0,2.0,2.0,0.0,0.0,41.0
934,1.0,0.0,0.0,0.0,2.0,3.0,0.0,0.0,30.0
935,0.0,0.0,1.0,0.0,2.0,3.0,1.0,2.0,45.0
936,2.0,1.0,0.0,0.0,2.0,2.0,0.0,0.0,25.0
937,0.0,1.0,0.0,0.0,0.0,2.0,1.0,0.0,45.0
939,0.0,0.0,0.0,0.0,0.0,3.0,1.0,0.0,60.0
940,2.0,0.0,0.0,2.0,2.0,3.0,0.0,3.0,36.0
941,0.0,1.0,1.0,0.0,2.0,2.0,1.0,2.0,24.0
942,1.0,1.0,0.0,0.0,0.0,2.0,0.0,0.0,27.0
943,1.0,0.0,2.0,1.0,2.0,4.0,0.0,4.0,20.0
944,0.0,0.0,3.0,2.0,2.0,4.0,2.0,6.0,28.0
946,2.0,1.0,4.0,1.0,1.0,5.0,0.0,6.0,10.0
947,2.0,1.0,0.0,0.0,2.0,2.0,0.0,0.0,35.0
948,2.0,1.0,0.0,0.0,2.0,2.0,0.0,0.0,25.0
950,0.0,0.0,0.0,0.0,0.0,4.0,1.0,0.0,36.0
951,2.0,1.0,0.0,0.0,2.0,2.0,0.0,0.0,17.0
952,1.0,1.0,0.0,0.0,2.0,2.0,0.0,0.0,32.0
953,2.0,1.0,0.0,0.0,2.0,2.0,0.0,0.0,18.0
954,2.0,0.0,0.0,0.0,1.0,4.0,0.0,0.0,22.0
955,0.0,1.0,2.0,2.0,0.0,5.0,1.0,5.0,13.0
957,2.0,0.0,0.0,0.0,1.0,4.0,0.0,0.0,18.0
958,0.0,1.0,0.0,0.0,2.0,2.0,1.0,0.0,47.0
959,0.0,1.0,0.0,0.0,0.0,2.0,1.0,0.0,31.0
960,0.0,0.0,1.0,4.0,2.0,3.0,2.0,6.0,60.0
961,2.0,0.0,0.0,0.0,1.0,4.0,0.0,0.0,24.0
962,2.0,1.0,0.0,0.0,2.0,2.0,0.0,0.0,21.0
963,2.0,0.0,0.0,0.0,2.0,4.0,0.0,0.0,29.0
964,0.0,1.0,0.0,0.0,0.0,2.0,1.0,0.0,28.5
965,0.0,0.0,0.0,0.0,0.0,4.0,2.0,0.0,35.0
966,0.0,1.0,0.0,0.0,0.0,2.0,2.0,0.0,32.5
968,0.0,0.0,2.0,0.0,2.0,3.0,1.0,3.0,55.0
969,1.0,1.0,0.0,0.0,2.0,2.0,0.0,0.0,30.0
970,2.0,0.0,0.0,0.0,1.0,4.0,0.0,0.0,24.0
971,2.0,1.0,1.0,1.0,0.0,5.0,0.0,3.0,6.0
972,0.0,1.0,1.0,0.0,2.0,2.0,2.0,2.0,67.0
973,0.0,1.0,0.0,0.0,2.0,2.0,1.0,0.0,49.0
977,2.0,0.0,0.0,0.0,1.0,4.0,0.0,0.0,27.0
978,2.0,0.0,0.0,0.0,2.0,4.0,0.0,0.0,18.0
980,1.0,1.0,1.0,1.0,2.0,5.0,0.0,3.0,2.0
981,2.0,0.0,1.0,0.0,2.0,3.0,0.0,2.0,22.0
983,0.0,0.0,1.0,2.0,2.0,3.0,1.0,4.0,27.0
985,0.0,1.0,0.0,0.0,0.0,2.0,1.0,0.0,25.0
986,2.0,1.0,0.0,0.0,2.0,2.0,0.0,0.0,25.0
987,0.0,0.0,1.0,0.0,2.0,3.0,1.0,2.0,76.0
988,2.0,1.0,0.0,0.0,2.0,2.0,0.0,0.0,29.0
989,2.0,0.0,0.0,0.0,2.0,4.0,0.0,0.0,20.0
990,2.0,1.0,0.0,0.0,2.0,2.0,0.0,0.0,33.0
991,0.0,0.0,1.0,0.0,0.0,3.0,1.0,2.0,43.0
992,1.0,1.0,1.0,0.0,2.0,2.0,0.0,2.0,27.0
994,2.0,1.0,0.0,0.0,2.0,2.0,0.0,0.0,26.0
995,2.0,0.0,1.0,1.0,0.0,3.0,0.0,3.0,16.0
996,2.0,1.0,0.0,0.0,2.0,2.0,0.0,0.0,28.0
997,2.0,1.0,0.0,0.0,1.0,2.0,0.0,0.0,21.0
1000,1.0,1.0,0.0,0.0,2.0,2.0,0.0,0.0,18.5
1001,1.0,1.0,0.0,0.0,0.0,2.0,0.0,0.0,41.0
1003,0.0,0.0,0.0,0.0,0.0,4.0,1.0,0.0,36.0
1004,2.0,0.0,0.0,0.0,1.0,4.0,0.0,0.0,18.5
1005,0.0,0.0,1.0,0.0,2.0,3.0,2.0,2.0,63.0
1006,2.0,1.0,1.0,0.0,0.0,2.0,0.0,2.0,18.0
1008,2.0,0.0,1.0,1.0,2.0,4.0,0.0,3.0,1.0
1009,0.0,1.0,0.0,0.0,0.0,2.0,1.0,0.0,36.0
1010,1.0,0.0,1.0,0.0,2.0,3.0,0.0,2.0,29.0
1011,1.0,0.0,0.0,0.0,2.0,4.0,0.0,0.0,12.0
1013,0.0,0.0,1.0,0.0,0.0,3.0,1.0,2.0,35.0
1014,2.0,1.0,0.0,0.0,2.0,2.0,0.0,0.0,28.0
1016,2.0,0.0,0.0,1.0,2.0,4.0,0.0,2.0,17.0
1017,2.0,1.0,0.0,0.0,2.0,2.0,0.0,0.0,22.0
1019,1.0,1.0,0.0,0.0,2.0,2.0,0.0,0.0,42.0
1020,2.0,1.0,0.0,0.0,2.0,2.0,0.0,0.0,24.0
1021,2.0,1.0,0.0,0.0,2.0,2.0,0.0,0.0,32.0
1022,0.0,1.0,0.0,0.0,0.0,1.0,1.0,0.0,53.0
1025,2.0,1.0,0.0,0.0,2.0,2.0,0.0,0.0,43.0
1026,2.0,1.0,0.0,0.0,2.0,2.0,0.0,0.0,24.0
1027,2.0,1.0,0.0,0.0,0.0,2.0,0.0,0.0,26.5
1028,1.0,1.0,0.0,0.0,2.0,2.0,0.0,0.0,26.0
1029,2.0,0.0,0.0,0.0,2.0,4.0,0.0,0.0,23.0
1030,2.0,1.0,1.0,6.0,2.0,2.0,0.0,8.0,40.0
1031,2.0,0.0,5.0,2.0,2.0,4.0,0.0,8.0,10.0
1032,0.0,0.0,0.0,0.0,2.0,4.0,1.0,0.0,33.0
1033,0.0,1.0,1.0,3.0,0.0,2.0,1.0,5.0,61.0
1034,1.0,1.0,0.0,0.0,2.0,2.0,0.0,0.0,28.0
1035,0.0,1.0,0.0,0.0,2.0,2.0,1.0,0.0,42.0
1036,2.0,1.0,3.0,0.0,2.0,2.0,0.0,4.0,31.0
1038,2.0,1.0,0.0,0.0,2.0,2.0,0.0,0.0,22.0
1040,1.0,1.0,1.0,1.0,2.0,6.0,0.0,3.0,30.0
1041,0.0,0.0,0.0,1.0,0.0,3.0,1.0,2.0,23.0
1044,2.0,0.0,0.0,2.0,2.0,3.0,0.0,3.0,36.0
1045,2.0,1.0,4.0,2.0,2.0,5.0,0.0,7.0,13.0
1046,2.0,1.0,0.0,0.0,2.0,2.0,0.0,0.0,24.0
1047,0.0,0.0,0.0,0.0,2.0,4.0,2.0,0.0,29.0
1048,2.0,0.0,0.0,0.0,2.0,4.0,0.0,0.0,23.0
1049,0.0,1.0,0.0,0.0,2.0,2.0,1.0,0.0,42.0
1050,2.0,0.0,0.0,2.0,2.0,3.0,0.0,3.0,26.0
1052,2.0,1.0,1.0,1.0,0.0,5.0,0.0,3.0,7.0
1053,1.0,0.0,0.0,0.0,2.0,4.0,0.0,0.0,26.0
1055,1.0,1.0,0.0,0.0,2.0,6.0,0.0,0.0,41.0
1056,2.0,0.0,1.0,1.0,2.0,3.0,0.0,3.0,26.0
1057,0.0,1.0,0.0,0.0,0.0,2.0,2.0,0.0,48.0
1058,2.0,1.0,2.0,2.0,2.0,2.0,0.0,5.0,18.0
1060,2.0,0.0,0.0,0.0,2.0,4.0,0.0,0.0,22.0
1062,2.0,1.0,0.0,0.0,0.0,2.0,0.0,0.0,27.0
1063,2.0,1.0,1.0,0.0,2.0,2.0,0.0,2.0,23.0
1065,2.0,1.0,1.0,5.0,2.0,2.0,0.0,7.0,40.0
1066,1.0,0.0,0.0,2.0,2.0,4.0,0.0,3.0,15.0
1067,1.0,0.0,0.0,0.0,2.0,4.0,0.0,0.0,20.0
1068,0.0,1.0,1.0,0.0,0.0,2.0,1.0,2.0,54.0
1069,1.0,0.0,0.0,3.0,2.0,3.0,0.0,4.0,36.0
1070,0.0,0.0,0.0,2.0,0.0,3.0,1.0,3.0,64.0
1071,1.0,1.0,0.0,0.0,2.0,2.0,0.0,0.0,30.0
1072,0.0,1.0,1.0,1.0,0.0,2.0,1.0,3.0,37.0
1073,0.0,0.0,1.0,0.0,2.0,3.0,1.0,2.0,18.0
1075,0.0,0.0,1.0,1.0,0.0,3.0,4.0,3.0,27.0
1076,1.0,1.0,0.0,0.0,2.0,2.0,0.0,0.0,40.0
1077,1.0,0.0,0.0,1.0,2.0,4.0,0.0,2.0,21.0
1078,2.0,1.0,2.0,0.0,2.0,2.0,0.0,3.0,17.0
1080,1.0,1.0,0.0,0.0,2.0,2.0,0.0,0.0,40.0
1081,1.0,1.0,1.0,0.0,2.0,2.0,0.0,2.0,34.0
1083,2.0,1.0,1.0,1.0,2.0,5.0,0.0,3.0,11.5
1084,1.0,1.0,0.0,0.0,1.0,2.0,0.0,0.0,61.0
1085,1.0,1.0,0.0,2.0,2.0,5.0,0.0,3.0,8.0
1086,2.0,1.0,0.0,0.0,2.0,2.0,0.0,0.0,33.0
1087,0.0,1.0,0.0,2.0,0.0,5.0,1.0,3.0,6.0
1088,2.0,0.0,0.0,0.0,2.0,4.0,0.0,0.0,18.0
1089,1.0,1.0,0.0,0.0,2.0,2.0,0.0,0.0,23.0
1092,2.0,1.0,0.0,2.0,2.0,5.0,0.0,3.0,0.33
1093,0.0,1.0,1.0,0.0,0.0,1.0,2.0,2.0,47.0
1094,1.0,0.0,1.0,1.0,2.0,4.0,0.0,3.0,8.0
1095,1.0,1.0,0.0,0.0,2.0,2.0,0.0,0.0,25.0
1097,2.0,0.0,0.0,0.0,1.0,4.0,0.0,0.0,35.0
1098,1.0,1.0,0.0,0.0,2.0,2.0,0.0,0.0,24.0
1099,0.0,0.0,0.0,0.0,0.0,4.0,1.0,0.0,33.0
1100,2.0,1.0,0.0,0.0,2.0,2.0,0.0,0.0,25.0
1101,2.0,1.0,0.0,0.0,2.0,2.0,0.0,0.0,32.0
1103,1.0,1.0,0.0,0.0,2.0,2.0,0.0,0.0,17.0
1104,1.0,0.0,1.0,0.0,2.0,3.0,0.0,2.0,60.0
1105,2.0,0.0,4.0,2.0,2.0,4.0,0.0,7.0,38.0
1106,0.0,1.0,0.0,0.0,2.0,2.0,2.0,0.0,42.0
1108,0.0,1.0,1.0,1.0,2.0,2.0,2.0,3.0,57.0
1109,0.0,0.0,1.0,1.0,0.0,3.0,2.0,3.0,50.0
1111,1.0,0.0,1.0,0.0,0.0,4.0,0.0,2.0,30.0
1112,2.0,1.0,0.0,0.0,2.0,2.0,0.0,0.0,21.0
1113,1.0,0.0,0.0,0.0,2.0,3.0,0.0,0.0,22.0
1114,2.0,1.0,0.0,0.0,2.0,2.0,0.0,0.0,21.0
1115,0.0,0.0,0.0,0.0,0.0,3.0,1.0,0.0,53.0
1117,2.0,1.0,0.0,0.0,2.0,2.0,0.0,0.0,23.0
1119,2.0,1.0,0.0,0.0,2.0,2.0,0.0,0.0,40.5
1120,1.0,1.0,0.0,0.0,2.0,2.0,0.0,0.0,36.0
1121,1.0,1.0,0.0,0.0,2.0,2.0,0.0,0.0,14.0
1122,0.0,0.0,0.0,0.0,2.0,4.0,1.0,0.0,21.0
1123,2.0,1.0,1.0,0.0,2.0,2.0,0.0,2.0,21.0
1125,0.0,1.0,1.0,0.0,0.0,2.0,1.0,2.0,39.0
1126,2.0,1.0,0.0,0.0,2.0,2.0,0.0,0.0,20.0
1127,0.0,1.0,1.0,0.0,0.0,2.0,1.0,2.0,64.0
1128,2.0,1.0,0.0,0.0,0.0,2.0,0.0,0.0,20.0
1129,1.0,0.0,1.0,1.0,2.0,4.0,0.0,3.0,18.0
1130,0.0,0.0,1.0,0.0,0.0,3.0,1.0,2.0,48.0
1131,0.0,0.0,0.0,0.0,0.0,3.0,1.0,0.0,55.0
1132,1.0,0.0,0.0,2.0,2.0,3.0,0.0,3.0,45.0
1133,0.0,1.0,1.0,1.0,0.0,2.0,1.0,3.0,45.0
1136,0.0,1.0,1.0,0.0,2.0,2.0,1.0,2.0,41.0
1137,1.0,0.0,0.0,0.0,2.0,3.0,0.0,0.0,22.0
1138,1.0,1.0,1.0,1.0,2.0,2.0,0.0,3.0,42.0
1139,1.0,0.0,1.0,0.0,2.0,3.0,0.0,2.0,29.0
1141,1.0,0.0,1.0,2.0,2.0,4.0,0.0,4.0,0.92
1142,2.0,1.0,0.0,0.0,2.0,2.0,0.0,0.0,20.0
1143,0.0,1.0,1.0,0.0,0.0,2.0,3.0,2.0,27.0
1144,2.0,1.0,0.0,0.0,2.0,2.0,0.0,0.0,24.0
1145,2.0,1.0,0.0,0.0,2.0,2.0,0.0,0.0,32.5
1148,2.0,1.0,0.0,0.0,2.0,2.0,0.0,0.0,28.0
1149,1.0,0.0,0.0,0.0,2.0,4.0,0.0,0.0,19.0
1150,2.0,1.0,0.0,0.0,2.0,2.0,0.0,0.0,21.0
1151,2.0,1.0,1.0,0.0,2.0,2.0,0.0,2.0,36.5
1152,2.0,1.0,0.0,0.0,2.0,2.0,0.0,0.0,21.0
1153,1.0,0.0,0.0,2.0,2.0,3.0,0.0,3.0,29.0
1154,2.0,0.0,1.0,1.0,2.0,4.0,0.0,3.0,1.0
1155,1.0,1.0,0.0,0.0,0.0,2.0,0.0,0.0,30.0
1160,2.0,1.0,0.0,0.0,2.0,2.0,0.0,0.0,17.0
1161,0.0,1.0,0.0,0.0,0.0,2.0,1.0,0.0,46.0
1163,0.0,0.0,1.0,0.0,0.0,3.0,3.0,2.0,26.0
1166,1.0,0.0,1.0,0.0,2.0,4.0,0.0,2.0,20.0
1167,1.0,1.0,0.0,0.0,2.0,2.0,0.0,0.0,28.0
1168,1.0,1.0,1.0,0.0,2.0,2.0,0.0,2.0,40.0
1169,1.0,1.0,1.0,0.0,2.0,2.0,0.0,2.0,30.0
1170,1.0,1.0,0.0,0.0,2.0,2.0,0.0,0.0,22.0
1171,2.0,0.0,0.0,0.0,2.0,4.0,0.0,0.0,23.0
1172,2.0,1.0,1.0,1.0,2.0,5.0,0.0,3.0,0.75
1174,2.0,0.0,1.0,1.0,0.0,4.0,0.0,3.0,9.0
1175,2.0,0.0,1.0,1.0,2.0,4.0,0.0,3.0,2.0
1176,2.0,1.0,0.0,0.0,2.0,2.0,0.0,0.0,36.0
1178,0.0,1.0,1.0,0.0,2.0,2.0,2.0,2.0,24.0
1182,2.0,0.0,0.0,0.0,1.0,4.0,0.0,0.0,30.0
1184,0.0,1.0,1.0,1.0,2.0,0.0,1.0,3.0,53.0
1185,2.0,1.0,0.0,0.0,2.0,2.0,0.0,0.0,36.0
1186,2.0,1.0,0.0,0.0,2.0,2.0,0.0,0.0,26.0
1187,1.0,0.0,1.0,2.0,0.0,4.0,0.0,4.0,1.0
1189,0.0,1.0,0.0,0.0,2.0,2.0,2.0,0.0,30.0
1190,2.0,1.0,0.0,0.0,2.0,2.0,0.0,0.0,29.0
1191,2.0,1.0,0.0,0.0,2.0,2.0,0.0,0.0,32.0
1193,1.0,1.0,0.0,1.0,2.0,2.0,0.0,2.0,43.0
1194,2.0,1.0,0.0,0.0,2.0,2.0,0.0,0.0,24.0
1196,0.0,0.0,1.0,1.0,2.0,3.0,1.0,3.0,64.0
1197,0.0,1.0,1.0,2.0,2.0,2.0,1.0,4.0,30.0
1198,2.0,1.0,0.0,1.0,2.0,5.0,0.0,2.0,0.83
1199,0.0,1.0,1.0,1.0,2.0,2.0,1.0,3.0,55.0
1200,2.0,0.0,1.0,0.0,2.0,3.0,0.0,2.0,45.0
1201,2.0,1.0,0.0,0.0,2.0,2.0,0.0,0.0,18.0
1202,2.0,1.0,0.0,0.0,0.0,2.0,0.0,0.0,22.0
1204,2.0,0.0,0.0,0.0,1.0,4.0,0.0,0.0,37.0
1205,0.0,0.0,0.0,0.0,0.0,3.0,1.0,0.0,55.0
1206,2.0,0.0,0.0,0.0,1.0,4.0,0.0,0.0,17.0
1207,0.0,1.0,1.0,0.0,0.0,2.0,2.0,2.0,57.0
1208,1.0,1.0,0.0,0.0,2.0,2.0,0.0,0.0,19.0
1209,2.0,1.0,0.0,0.0,2.0,2.0,0.0,0.0,27.0
1210,1.0,1.0,2.0,0.0,2.0,2.0,0.0,3.0,22.0
1211,2.0,1.0,0.0,0.0,2.0,2.0,0.0,0.0,26.0
1212,2.0,1.0,0.0,0.0,0.0,2.0,0.0,0.0,25.0
1213,1.0,1.0,0.0,0.0,2.0,2.0,0.0,0.0,26.0
1214,0.0,1.0,0.0,0.0,2.0,2.0,1.0,0.0,33.0
1215,0.0,0.0,0.0,0.0,2.0,4.0,2.0,0.0,39.0
1216,2.0,1.0,0.0,0.0,2.0,2.0,0.0,0.0,23.0
1217,1.0,0.0,2.0,1.0,2.0,4.0,0.0,4.0,12.0
1218,0.0,1.0,0.0,0.0,0.0,2.0,1.0,0.0,46.0
1219,1.0,1.0,1.0,0.0,2.0,2.0,0.0,2.0,29.0
1220,1.0,1.0,0.0,0.0,2.0,2.0,0.0,0.0,21.0
1221,1.0,0.0,0.0,2.0,2.0,3.0,0.0,3.0,48.0
1222,0.0,1.0,0.0,0.0,0.0,2.0,1.0,0.0,39.0
1224,2.0,0.0,1.0,1.0,0.0,3.0,0.0,3.0,19.0
1225,2.0,1.0,0.0,0.0,2.0,2.0,0.0,0.0,27.0
1226,0.0,1.0,0.0,0.0,2.0,2.0,1.0,0.0,30.0
1227,1.0,1.0,0.0,0.0,2.0,2.0,0.0,0.0,32.0
1228,2.0,1.0,0.0,2.0,0.0,2.0,0.0,3.0,39.0
1229,1.0,1.0,0.0,0.0,2.0,2.0,0.0,0.0,25.0
1231,1.0,1.0,0.0,0.0,2.0,2.0,0.0,0.0,18.0
1232,2.0,1.0,0.0,0.0,2.0,2.0,0.0,0.0,32.0
1234,0.0,0.0,0.0,1.0,0.0,3.0,4.0,2.0,58.0
1236,2.0,0.0,0.0,0.0,2.0,4.0,0.0,0.0,16.0
1237,1.0,1.0,0.0,0.0,2.0,2.0,0.0,0.0,26.0
1238,2.0,0.0,0.0,0.0,0.0,3.0,0.0,0.0,38.0
1239,1.0,1.0,0.0,0.0,2.0,2.0,0.0,0.0,24.0
1240,1.0,0.0,0.0,0.0,2.0,4.0,0.0,0.0,31.0
1241,0.0,0.0,0.0,1.0,0.0,3.0,1.0,2.0,45.0
1242,1.0,1.0,0.0,0.0,2.0,2.0,0.0,0.0,25.0
1243,1.0,1.0,0.0,0.0,2.0,2.0,0.0,0.0,18.0
1244,1.0,1.0,1.0,2.0,2.0,2.0,0.0,4.0,49.0
1245,2.0,0.0,1.0,2.0,2.0,4.0,0.0,4.0,0.17
1246,0.0,1.0,0.0,0.0,2.0,2.0,1.0,0.0,50.0
1247,0.0,0.0,2.0,0.0,2.0,3.0,1.0,3.0,59.0
1250,2.0,0.0,1.0,0.0,2.0,3.0,0.0,2.0,30.0
1251,2.0,1.0,6.0,2.0,2.0,5.0,0.0,1.0,14.5
1252,1.0,0.0,1.0,1.0,0.0,3.0,0.0,3.0,24.0
1253,1.0,0.0,0.0,0.0,2.0,3.0,0.0,0.0,31.0
1254,2.0,1.0,0.0,0.0,2.0,2.0,0.0,0.0,27.0
1255,0.0,0.0,1.0,0.0,0.0,3.0,1.0,2.0,25.0
1258,2.0,0.0,0.0,0.0,2.0,4.0,0.0,0.0,22.0
1259,0.0,0.0,0.0,1.0,0.0,3.0,1.0,2.0,45.0
1260,1.0,1.0,0.0,0.0,0.0,2.0,0.0,0.0,29.0
1261,1.0,1.0,1.0,0.0,2.0,2.0,0.0,2.0,21.0
1262,0.0,0.0,0.0,0.0,0.0,4.0,1.0,0.0,31.0
1263,0.0,1.0,0.0,0.0,2.0,2.0,0.0,0.0,49.0
1264,1.0,1.0,0.0,0.0,2.0,2.0,0.0,0.0,44.0
1265,0.0,0.0,1.0,1.0,2.0,3.0,1.0,3.0,54.0
1266,0.0,0.0,0.0,0.0,0.0,4.0,1.0,0.0,45.0
1267,2.0,0.0,2.0,0.0,2.0,4.0,0.0,3.0,22.0
1268,1.0,1.0,0.0,0.0,2.0,2.0,0.0,0.0,21.0
1269,0.0,1.0,0.0,0.0,2.0,2.0,2.0,0.0,55.0
1270,2.0,1.0,4.0,2.0,2.0,5.0,0.0,7.0,5.0
1272,2.0,1.0,0.0,0.0,1.0,2.0,0.0,0.0,26.0
1274,2.0,0.0,1.0,0.0,2.0,3.0,0.0,2.0,19.0
1276,1.0,0.0,1.0,2.0,2.0,4.0,0.0,4.0,24.0
1277,2.0,1.0,0.0,0.0,2.0,2.0,0.0,0.0,24.0
1278,1.0,1.0,0.0,0.0,2.0,2.0,0.0,0.0,57.0
1279,2.0,1.0,0.0,0.0,1.0,2.0,0.0,0.0,21.0
1280,2.0,1.0,3.0,1.0,2.0,5.0,0.0,5.0,6.0
1281,0.0,1.0,0.0,0.0,2.0,2.0,1.0,0.0,23.0
1282,0.0,0.0,0.0,1.0,2.0,3.0,0.0,2.0,51.0
1283,2.0,1.0,0.0,2.0,2.0,5.0,0.0,3.0,13.0
1284,1.0,1.0,0.0,0.0,2.0,2.0,0.0,0.0,47.0
1285,2.0,1.0,3.0,1.0,2.0,2.0,0.0,5.0,29.0
1286,0.0,0.0,1.0,0.0,2.0,3.0,1.0,2.0,18.0
1287,2.0,1.0,0.0,0.0,1.0,2.0,0.0,0.0,24.0
1288,0.0,0.0,1.0,1.0,0.0,3.0,1.0,3.0,48.0
1289,2.0,1.0,0.0,0.0,2.0,2.0,0.0,0.0,22.0
1290,2.0,1.0,0.0,0.0,1.0,2.0,0.0,0.0,31.0
1291,0.0,0.0,0.0,0.0,2.0,4.0,2.0,0.0,30.0
1292,1.0,1.0,1.0,0.0,2.0,2.0,0.0,2.0,38.0
1293,0.0,0.0,0.0,1.0,0.0,4.0,1.0,2.0,22.0
1294,0.0,1.0,0.0,0.0,2.0,2.0,1.0,0.0,17.0
1295,0.0,1.0,1.0,0.0,0.0,2.0,1.0,2.0,43.0
1296,1.0,1.0,0.0,0.0,0.0,2.0,0.0,0.0,20.0
1297,1.0,1.0,1.0,0.0,2.0,2.0,0.0,2.0,23.0
1298,0.0,1.0,1.0,1.0,0.0,2.0,2.0,3.0,50.0
1300,2.0,0.0,1.0,1.0,2.0,4.0,0.0,3.0,3.0
1302,0.0,0.0,1.0,0.0,1.0,3.0,1.0,2.0,37.0
1303,2.0,0.0,0.0,0.0,2.0,4.0,0.0,0.0,28.0
1305,0.0,0.0,0.0,0.0,0.0,5.0,1.0,0.0,39.0
1306,2.0,1.0,0.0,0.0,2.0,2.0,0.0,0.0,38.5
